,Player,Round,Pick,WS,From,To,Age,G,GS,AS,MP,FG,FGA,2P,2PA,3P,3PA,FT,FTA,ORB,DRB,TRB,AST,STL,BLK,TOV,PF,PTS,FG%,2P%,3P%,FT%,TS%,eFG%,Pos
0,Tyler Zeller,1,17,17.1,2012-13,2019-20,23-30,414,166,0,17.5,2.8,5.5,2.8,5.4,0.0,0.1,1.3,1.7,1.5,2.9,4.4,0.9,0.3,0.6,0.8,2.2,6.9,0.508,0.512,0.286,0.764,0.553,0.511,F-C
1,Cody Zeller,1,4,32.7,2013-14,2022-23,21-30,509,275,0,22.0,3.2,6.1,3.1,5.8,0.1,0.3,2.0,2.8,2.0,3.9,5.9,1.4,0.6,0.6,1.1,2.6,8.4,0.522,0.537,0.218,0.73,0.577,0.527,C-F
2,Trae Young,1,5,33.0,2018-19,2022-23,20-24,353,353,2,33.8,8.1,18.6,5.6,11.4,2.5,7.1,6.7,7.7,0.7,3.0,3.7,9.3,1.0,0.1,4.1,1.7,25.5,0.437,0.491,0.351,0.876,0.58,0.505,G
3,Joe Young,2,43,0.4,2015-16,2017-18,23-25,127,1,0,8.5,1.3,3.4,1.0,2.3,0.3,1.1,0.4,0.5,0.1,0.9,1.0,0.9,0.3,0.0,0.5,0.6,3.4,0.393,0.438,0.296,0.768,0.469,0.44,G
4,James Young,1,17,0.8,2014-15,2017-18,19-22,95,0,0,8.5,0.8,2.2,0.4,0.8,0.4,1.4,0.3,0.5,0.2,0.8,1.0,0.3,0.3,0.1,0.2,0.6,2.3,0.367,0.534,0.277,0.563,0.474,0.457,G-F
5,Tony Wroten,1,25,-1.3,2012-13,2015-16,19-22,145,34,0,21.2,4.0,9.6,3.4,7.1,0.6,2.5,2.6,3.9,0.7,1.8,2.5,3.0,0.9,0.2,2.6,1.8,11.1,0.413,0.477,0.231,0.647,0.488,0.443,G
6,Justin Wright-Foreman,2,53,0.0,2019-20,2019-20,22,4,0,0,11.3,1.8,5.0,1.3,2.5,0.5,2.5,0.8,1.0,0.0,1.3,1.3,1.8,0.5,0.0,0.8,1.3,4.8,0.35,0.5,0.2,0.75,0.437,0.4,G
7,Delon Wright,1,20,26.5,2015-16,2022-23,23-30,461,84,0,21.3,2.6,5.8,2.0,3.9,0.7,1.9,1.2,1.5,0.8,2.4,3.2,3.1,1.2,0.4,1.0,1.1,7.2,0.455,0.507,0.353,0.805,0.556,0.515,G
8,Nate Wolters,2,38,0.9,2013-14,2017-18,22-26,84,31,0,18.8,2.3,5.4,2.1,4.6,0.2,0.8,0.7,1.1,0.5,1.7,2.2,2.5,0.5,0.2,0.8,1.0,5.5,0.423,0.452,0.261,0.635,0.466,0.442,G
9,Jeff Withey,2,39,6.8,2013-14,2017-18,23-27,206,15,0,10.1,1.2,2.3,1.2,2.2,0.0,0.1,0.8,1.1,0.9,1.6,2.5,0.3,0.3,0.8,0.4,1.1,3.2,0.525,0.537,0.143,0.716,0.578,0.527,C
10,James Wiseman,1,2,2.1,2020-21,2022-23,19-21,84,49,0,20.3,4.5,8.4,4.3,7.7,0.2,0.7,1.5,2.2,1.5,4.3,5.9,0.7,0.2,0.8,1.3,2.7,10.7,0.537,0.561,0.276,0.667,0.57,0.549,C
11,Cassius Winston,2,53,0.1,2020-21,2021-22,22-23,29,0,0,4.7,0.6,1.5,0.3,0.7,0.3,0.8,0.3,0.3,0.0,0.3,0.3,0.7,0.1,0.0,0.3,0.6,1.9,0.409,0.381,0.435,0.9,0.568,0.523,G
12,Justise Winslow,1,10,8.2,2015-16,2022-23,19-26,344,128,0,25.9,3.3,7.9,2.6,5.8,0.7,2.1,1.0,1.6,1.1,4.1,5.1,2.6,0.9,0.4,1.5,2.3,8.2,0.412,0.448,0.315,0.638,0.477,0.455,F
13,Dylan Windler,1,26,1.3,2020-21,2022-23,24-26,84,0,0,11.7,1.1,2.8,0.6,1.0,0.6,1.8,0.4,0.5,0.5,1.8,2.3,0.8,0.4,0.2,0.6,1.0,3.3,0.416,0.585,0.322,0.8,0.55,0.519,G-F
14,D.J. Wilson,1,17,2.8,2017-18,2021-22,21-25,146,6,0,12.3,1.7,4.0,1.0,2.0,0.7,2.0,0.4,0.7,0.5,2.5,3.1,0.7,0.3,0.3,0.5,1.2,4.4,0.419,0.514,0.327,0.618,0.516,0.502,F
15,Zion Williamson,1,1,14.2,2019-20,2022-23,19-22,114,114,2,32.0,9.9,16.4,9.7,15.8,0.2,0.6,5.8,8.4,2.5,4.4,7.0,3.6,0.9,0.6,2.9,2.1,25.8,0.605,0.615,0.343,0.691,0.643,0.611,F-C
16,Nigel Williams-Goss,2,55,0.0,2019-20,2019-20,25,10,0,0,5.0,0.5,1.6,0.3,0.9,0.2,0.7,0.2,0.2,0.2,0.4,0.6,0.6,0.3,0.1,0.3,0.6,1.4,0.313,0.333,0.286,1.0,0.415,0.375,G
17,Ziaire Williams,1,10,2.4,2021-22,2022-23,20-21,99,35,0,19.3,2.8,6.3,1.8,2.8,1.0,3.4,0.6,0.8,0.4,1.7,2.1,1.0,0.5,0.2,0.8,1.7,7.2,0.444,0.619,0.298,0.779,0.544,0.525,F
18,Vince Williams Jr.,2,47,-0.1,2022-23,2022-23,22,15,1,0,7.0,0.8,2.7,0.5,0.8,0.3,1.9,0.1,0.1,0.3,0.7,1.0,0.3,0.4,0.1,0.3,0.8,2.0,0.3,0.667,0.143,1.0,0.367,0.35,F
19,Robert Williams,1,27,22.2,2018-19,2022-23,21-25,209,97,0,20.5,3.3,4.5,3.3,4.5,0.0,0.0,0.8,1.2,2.6,4.3,6.9,1.4,0.7,1.7,0.9,1.9,7.3,0.732,0.735,0.0,0.656,0.733,0.732,C-F
20,Patrick Williams,1,4,6.8,2020-21,2022-23,19-21,170,145,0,27.8,3.7,7.7,2.6,5.1,1.1,2.6,1.2,1.6,0.9,3.3,4.3,1.3,0.9,0.7,1.3,1.8,9.7,0.477,0.509,0.414,0.779,0.575,0.547,F
21,Mark Williams,1,15,2.8,2022-23,2022-23,21,43,17,0,19.3,3.7,5.8,3.7,5.8,0.0,0.0,1.6,2.3,2.2,4.9,7.1,0.4,0.7,1.0,0.9,2.2,9.0,0.637,0.637,,0.691,0.659,0.637,C
22,Jordan Williams,2,36,1.3,2011-12,2011-12,21,43,5,0,14.8,1.8,3.5,1.8,3.5,0.0,0.0,1.0,1.5,1.5,2.1,3.6,0.3,0.5,0.3,0.5,1.4,4.6,0.507,0.507,,0.652,0.544,0.507,F
23,Jaylin Williams,2,34,1.9,2022-23,2022-23,20,49,36,0,18.7,2.1,4.8,1.1,2.5,0.9,2.3,0.8,1.1,0.9,4.0,4.9,1.6,0.6,0.2,0.8,2.3,5.9,0.436,0.463,0.407,0.704,0.559,0.534,F
24,Jalen Williams,1,12,5.6,2022-23,2022-23,21,75,62,0,30.3,5.5,10.6,4.5,7.9,1.0,2.7,2.1,2.5,1.1,3.4,4.5,3.3,1.4,0.5,1.6,2.5,14.1,0.521,0.579,0.356,0.812,0.601,0.567,G
25,Grant Williams,1,22,12.2,2019-20,2022-23,21-24,288,58,0,21.2,2.1,4.7,1.1,2.1,1.0,2.7,0.9,1.1,0.9,2.6,3.4,1.2,0.5,0.5,0.9,2.4,6.2,0.451,0.546,0.379,0.773,0.588,0.558,F
26,Elliot Williams,1,22,0.7,2011-12,2015-16,22-26,109,2,0,13.5,1.8,4.2,1.3,2.6,0.5,1.6,0.9,1.3,0.3,1.1,1.5,0.9,0.4,0.1,0.7,1.4,4.9,0.421,0.489,0.31,0.669,0.515,0.48,G
27,Derrick Williams,1,2,14.1,2011-12,2017-18,20-26,428,112,0,20.7,3.1,7.2,2.5,5.2,0.6,2.0,2.1,3.0,0.8,3.1,4.0,0.7,0.5,0.3,0.9,1.2,8.9,0.434,0.484,0.3,0.71,0.526,0.475,F
28,C.J. Wilcox,1,28,0.1,2014-15,2016-17,24-26,66,0,0,5.7,0.8,2.0,0.5,1.2,0.3,0.9,0.2,0.2,0.1,0.4,0.5,0.5,0.2,0.1,0.3,0.5,2.0,0.37,0.397,0.333,0.813,0.465,0.441,G
29,Andrew Wiggins,1,1,26.3,2014-15,2022-23,19-27,635,635,1,34.8,7.1,15.9,5.7,11.8,1.5,4.1,3.4,4.7,1.3,3.2,4.5,2.3,1.0,0.7,2.0,2.2,19.1,0.449,0.483,0.354,0.72,0.532,0.495,F-G
30,Aaron Wiggins,2,55,3.8,2021-22,2022-23,23-24,120,49,0,20.9,2.9,5.8,2.1,3.7,0.8,2.2,1.0,1.3,1.0,2.2,3.2,1.2,0.6,0.2,0.9,1.7,7.5,0.489,0.573,0.346,0.776,0.582,0.553,G
31,Joe Wieskamp,2,41,0.1,2021-22,2022-23,22-23,38,0,0,6.7,0.6,1.8,0.2,0.4,0.4,1.4,0.2,0.3,0.1,0.4,0.5,0.3,0.1,0.1,0.1,0.4,1.8,0.329,0.4,0.309,0.538,0.462,0.45,G
32,Hassan Whiteside,2,33,52.0,2010-11,2021-22,21-32,511,332,0,24.7,5.3,9.0,5.2,8.9,0.0,0.1,2.1,3.5,3.1,7.7,10.8,0.6,0.5,2.2,1.5,2.6,12.6,0.586,0.588,0.308,0.605,0.602,0.587,C
33,Isaiah Whitehead,2,42,-0.9,2016-17,2017-18,21-22,89,26,0,20.5,2.7,6.7,2.2,4.8,0.6,1.9,1.2,1.5,0.4,2.0,2.4,2.4,0.6,0.4,1.9,2.2,7.2,0.411,0.452,0.305,0.788,0.493,0.454,G
34,Royce White,1,16,0.0,2013-14,2013-14,22,3,0,0,3.0,0.0,0.3,0.0,0.3,0.0,0.0,0.0,0.0,0.0,0.0,0.0,0.0,0.0,0.0,0.0,0.7,0.0,0.0,0.0,,,0.0,0.0,F
35,Derrick White,1,29,22.7,2017-18,2022-23,23-28,345,229,0,26.5,4.1,9.1,2.7,5.1,1.4,4.0,2.2,2.6,0.5,2.8,3.4,3.8,0.8,0.8,1.3,2.2,11.7,0.447,0.521,0.352,0.846,0.572,0.524,G
36,Coby White,1,7,8.8,2019-20,2022-23,19-22,269,74,0,26.9,4.6,10.9,2.5,5.2,2.1,5.7,1.4,1.6,0.3,3.0,3.4,3.3,0.6,0.1,1.5,2.1,12.6,0.419,0.476,0.367,0.854,0.542,0.515,G
37,Blake Wesley,1,25,-1.6,2022-23,2022-23,19,37,1,0,18.1,1.9,5.8,1.3,4.4,0.5,1.4,0.7,1.2,0.3,1.9,2.2,2.7,0.7,0.1,1.8,1.8,5.0,0.321,0.301,0.385,0.591,0.393,0.367,G
38,Thomas Welsh,2,58,0.1,2018-19,2018-19,22,11,0,0,3.3,0.6,1.2,0.4,0.5,0.3,0.6,0.1,0.2,0.0,0.4,0.4,0.5,0.0,0.0,0.1,0.3,1.6,0.538,0.667,0.429,0.5,0.648,0.654,C
39,Quinndary Weatherspoon,2,49,0.2,2019-20,2021-22,23-25,42,0,0,6.5,0.8,1.7,0.7,1.4,0.1,0.4,0.5,0.5,0.1,0.6,0.8,0.6,0.3,0.1,0.4,1.0,2.1,0.452,0.526,0.188,0.826,0.529,0.473,G
40,Peyton Watson,1,30,0.3,2022-23,2022-23,20,23,2,0,8.1,1.3,2.6,1.0,2.0,0.3,0.6,0.5,0.9,0.3,1.3,1.6,0.5,0.1,0.5,0.3,0.6,3.3,0.492,0.511,0.429,0.55,0.553,0.542,G-F
41,Tremont Waters,2,51,0.1,2019-20,2021-22,22-24,40,4,0,10.2,1.3,3.7,0.8,1.9,0.5,1.8,0.6,0.6,0.1,0.8,0.9,2.1,0.8,0.1,1.2,0.9,3.7,0.354,0.408,0.296,0.96,0.472,0.425,G
42,TyTy Washington Jr.,1,29,-0.1,2022-23,2022-23,21,31,2,0,14.0,1.9,5.2,1.3,2.6,0.6,2.6,0.3,0.6,0.1,1.4,1.5,1.5,0.5,0.1,0.5,0.9,4.7,0.363,0.488,0.238,0.556,0.432,0.422,G
43,Willie Warren,2,54,0.2,2010-11,2010-11,21,19,0,0,7.1,0.7,1.8,0.4,1.1,0.3,0.8,0.3,0.4,0.1,0.6,0.6,1.4,0.3,0.0,0.4,0.8,1.9,0.371,0.4,0.333,0.75,0.48,0.443,G
44,T.J. Warren,1,14,20.8,2014-15,2022-23,21-29,374,236,0,27.4,6.0,11.9,5.3,9.9,0.7,2.0,1.8,2.3,1.3,2.7,4.0,1.2,0.9,0.5,1.0,2.3,14.6,0.506,0.537,0.354,0.78,0.563,0.536,F
45,Tyrone Wallace,2,60,0.1,2017-18,2021-22,23-27,112,19,0,15.3,2.0,4.7,1.8,4.0,0.2,0.7,0.9,1.4,0.4,1.7,2.1,1.1,0.5,0.2,0.8,1.7,5.1,0.422,0.462,0.207,0.656,0.474,0.438,G
46,John Wall,1,1,44.5,2010-11,2022-23,20-32,647,604,5,34.9,6.8,15.7,5.8,12.6,1.0,3.1,4.2,5.4,0.6,3.6,4.2,8.9,1.6,0.7,3.7,2.2,18.7,0.43,0.457,0.322,0.776,0.517,0.462,G
47,Kemba Walker,1,9,59.8,2011-12,2022-23,21-32,750,697,4,33.1,6.7,15.9,4.4,9.7,2.2,6.2,3.8,4.5,0.6,3.2,3.8,5.3,1.2,0.4,2.1,1.5,19.3,0.418,0.455,0.36,0.84,0.539,0.488,G
48,Jabari Walker,2,57,0.2,2022-23,2022-23,20,56,0,0,11.1,1.5,3.5,1.2,2.5,0.3,1.0,0.6,0.8,0.9,1.5,2.3,0.6,0.2,0.2,0.5,1.2,3.9,0.419,0.472,0.286,0.756,0.496,0.46,F
49,Dion Waiters,1,4,8.8,2012-13,2019-20,21-28,419,211,0,28.2,5.0,12.2,3.7,8.2,1.4,4.0,1.7,2.5,0.4,2.2,2.6,2.8,0.9,0.3,1.8,1.9,13.1,0.412,0.444,0.346,0.694,0.495,0.468,G
50,Moritz Wagner,1,25,9.3,2018-19,2022-23,21-25,253,55,0,16.1,2.8,5.8,2.1,3.3,0.8,2.4,1.8,2.2,0.8,2.9,3.7,1.2,0.5,0.3,1.1,2.3,8.2,0.49,0.615,0.319,0.822,0.611,0.557,F-C
51,Franz Wagner,1,8,9.4,2021-22,2022-23,20-21,159,159,0,31.7,6.3,13.2,4.9,9.2,1.4,4.0,2.9,3.4,1.0,3.3,4.3,3.2,0.9,0.3,1.8,2.2,16.9,0.477,0.528,0.358,0.85,0.575,0.531,G-F
52,Noah Vonleh,1,9,9.4,2014-15,2022-23,19-27,362,172,0,16.2,1.8,3.9,1.5,3.1,0.3,0.8,0.8,1.2,1.3,3.6,4.9,0.7,0.4,0.4,0.8,1.8,4.7,0.459,0.501,0.307,0.692,0.526,0.492,F-C
53,Rashad Vaughn,1,17,-0.6,2015-16,2017-18,19-21,139,8,0,12.0,1.2,3.4,0.6,1.5,0.6,1.9,0.1,0.2,0.1,1.0,1.1,0.5,0.4,0.2,0.3,0.9,3.0,0.337,0.366,0.313,0.692,0.432,0.424,G
54,Devin Vassell,1,11,6.1,2020-21,2022-23,20-22,171,71,0,24.4,4.2,9.7,2.4,5.1,1.7,4.7,1.2,1.5,0.4,3.2,3.7,1.9,0.9,0.4,0.8,1.7,11.2,0.427,0.483,0.367,0.816,0.541,0.515,G-F
55,Jarvis Varnado,2,41,0.7,2012-13,2013-14,24-25,37,0,0,10.7,1.1,1.8,1.1,1.8,0.0,0.0,0.8,1.5,0.6,1.4,1.9,0.4,0.3,0.8,0.4,1.9,2.9,0.582,0.582,,0.518,0.584,0.582,F
56,Jarred Vanderbilt,2,41,14.3,2018-19,2022-23,19-23,244,162,0,20.5,2.5,4.4,2.4,4.0,0.1,0.5,1.0,1.6,2.1,4.5,6.6,1.5,1.0,0.5,1.0,2.1,6.2,0.573,0.606,0.288,0.643,0.607,0.588,F
57,Denzel Valentine,1,14,4.5,2016-17,2021-22,23-28,256,45,0,18.8,2.7,6.8,1.2,2.8,1.4,3.9,0.3,0.4,0.4,3.0,3.3,1.8,0.6,0.1,0.9,1.6,7.0,0.394,0.441,0.36,0.787,0.507,0.498,G
58,Tyler Ulis,2,34,0.5,2016-17,2018-19,21-23,133,58,0,20.9,3.0,7.4,2.5,5.7,0.5,1.7,1.0,1.3,0.3,1.3,1.7,4.0,0.9,0.1,1.5,1.5,7.5,0.403,0.439,0.28,0.808,0.469,0.435,G
59,Ekpe Udoh,1,6,10.4,2010-11,2018-19,23-31,384,56,0,14.8,1.4,3.0,1.4,3.0,0.0,0.0,0.8,1.1,1.2,1.7,2.9,0.7,0.5,1.1,0.6,1.9,3.5,0.453,0.455,0.0,0.718,0.506,0.453,C-F
60,Myles Turner,1,11,38.2,2015-16,2022-23,19-26,493,460,0,28.8,5.0,10.1,4.0,7.3,1.0,2.8,2.4,3.1,1.4,5.4,6.8,1.2,0.7,2.3,1.4,3.0,13.4,0.498,0.553,0.353,0.771,0.586,0.546,C-F
61,Evan Turner,1,2,20.2,2010-11,2019-20,22-31,705,295,0,26.9,3.9,9.0,3.5,7.7,0.4,1.3,1.5,1.9,0.6,4.1,4.6,3.5,0.8,0.3,1.8,2.0,9.7,0.434,0.458,0.294,0.782,0.493,0.455,G
62,Gary Trent Jr.,2,37,14.1,2018-19,2022-23,20-24,270,160,0,28.9,5.1,12.2,2.7,5.9,2.4,6.3,1.7,2.1,0.4,1.9,2.3,1.5,1.2,0.2,0.7,1.6,14.4,0.421,0.461,0.384,0.827,0.55,0.52,G
63,Karl-Anthony Towns,1,1,68.7,2015-16,2022-23,20-27,511,511,3,34.1,8.5,16.2,6.9,12.0,1.6,4.2,4.4,5.3,2.9,8.2,11.2,3.2,0.8,1.3,2.7,3.4,23.0,0.526,0.571,0.395,0.835,0.623,0.577,C-F
64,Obi Toppin,1,8,7.5,2020-21,2022-23,22-24,201,15,0,14.7,2.7,5.5,1.9,3.0,0.8,2.5,0.8,1.0,0.6,2.3,3.0,0.9,0.3,0.3,0.6,1.1,7.0,0.492,0.632,0.325,0.766,0.589,0.566,F
65,Matisse Thybulle,1,20,11.0,2019-20,2022-23,22-25,267,100,0,20.5,1.8,4.0,1.0,1.8,0.7,2.2,0.3,0.5,0.6,1.4,2.0,1.0,1.5,0.8,0.5,2.0,4.6,0.447,0.588,0.334,0.662,0.551,0.54,G
66,Sindarius Thornwell,2,48,1.1,2017-18,2020-21,23-26,160,19,0,10.8,0.9,2.1,0.6,1.5,0.2,0.6,0.6,0.8,0.3,1.0,1.3,0.7,0.5,0.2,0.5,1.1,2.5,0.407,0.436,0.34,0.672,0.504,0.459,G
67,Marcus Thornton,2,45,20.0,2009-10,2016-17,22-29,483,135,0,23.4,4.4,10.4,2.9,6.1,1.5,4.2,1.6,1.9,0.8,1.9,2.8,1.4,0.8,0.1,1.0,1.5,11.9,0.425,0.471,0.358,0.83,0.531,0.498,G
68,JT Thor,2,37,0.5,2021-22,2022-23,19-20,102,8,0,12.1,1.2,2.9,0.7,1.4,0.5,1.5,0.4,0.7,0.5,1.5,1.9,0.5,0.3,0.3,0.5,0.9,3.2,0.406,0.51,0.307,0.672,0.51,0.485,F
69,Tristan Thompson,1,4,47.6,2011-12,2021-22,20-30,730,478,0,26.8,3.6,7.0,3.6,7.0,0.0,0.1,1.7,2.9,3.3,5.1,8.4,1.0,0.5,0.7,1.1,2.3,9.0,0.519,0.521,0.263,0.605,0.545,0.52,F-C
70,Klay Thompson,1,11,51.7,2011-12,2022-23,21-32,716,679,5,32.9,7.4,16.3,4.3,8.8,3.1,7.4,1.9,2.2,0.5,3.1,3.5,2.3,0.9,0.5,1.7,2.1,19.8,0.455,0.488,0.416,0.852,0.574,0.55,G-F
71,Khyri Thomas,2,38,0.5,2018-19,2020-21,22-24,39,2,0,10.5,1.5,3.9,0.9,1.9,0.6,1.9,0.5,0.6,0.3,0.7,1.0,0.9,0.5,0.3,0.3,1.0,4.1,0.388,0.461,0.316,0.75,0.492,0.467,G
72,Isaiah Thomas,2,60,45.3,2011-12,2021-22,22-32,550,362,2,28.3,5.8,13.3,3.9,8.0,1.9,5.2,4.3,4.9,0.5,1.9,2.4,4.8,0.9,0.1,2.3,2.1,17.7,0.434,0.481,0.362,0.872,0.573,0.506,G
73,Tyrell Terry,2,31,0.0,2020-21,2021-22,20-21,13,0,0,4.5,0.5,1.3,0.5,0.8,0.0,0.5,0.1,0.2,0.0,0.5,0.5,0.5,0.4,0.0,0.2,0.2,1.0,0.353,0.6,0.0,0.333,0.355,0.353,G
74,Dalen Terry,1,18,0.5,2022-23,2022-23,20,38,0,0,5.6,0.8,1.9,0.7,1.2,0.2,0.7,0.4,0.6,0.3,0.7,1.0,0.6,0.3,0.1,0.2,0.6,2.2,0.444,0.556,0.259,0.667,0.523,0.493,G
75,Marquis Teague,1,29,-0.9,2012-13,2017-18,19-24,91,3,0,10.0,0.9,2.7,0.8,2.2,0.1,0.5,0.4,0.6,0.1,0.9,1.0,1.5,0.3,0.1,0.8,1.1,2.4,0.343,0.369,0.222,0.661,0.398,0.363,G
76,Tyshawn Taylor,2,41,-0.9,2012-13,2013-14,22-23,61,3,0,8.0,1.0,2.9,0.9,2.5,0.1,0.4,0.6,0.9,0.1,0.5,0.5,0.9,0.4,0.0,0.9,0.9,2.9,0.354,0.353,0.36,0.684,0.428,0.379,G
77,Jayson Tatum,1,3,45.5,2017-18,2022-23,19-24,439,439,4,34.0,7.9,17.2,5.4,10.7,2.4,6.5,4.3,5.1,0.9,6.1,7.0,3.3,1.1,0.7,2.3,2.1,22.5,0.458,0.509,0.375,0.847,0.579,0.529,F
78,Caleb Swanigan,1,26,-0.2,2017-18,2019-20,20-22,75,4,0,8.7,0.9,2.1,0.9,1.9,0.0,0.2,0.4,0.6,0.8,2.1,2.9,0.7,0.2,0.1,1.0,1.7,2.3,0.438,0.476,0.118,0.614,0.471,0.444,F
79,Edmond Sumner,2,52,3.2,2017-18,2022-23,22-27,161,41,0,14.0,2.2,4.7,1.7,3.1,0.5,1.6,1.2,1.5,0.3,1.2,1.5,1.1,0.6,0.2,0.8,1.5,6.2,0.47,0.535,0.341,0.811,0.576,0.527,G
80,Jared Sullinger,1,21,15.3,2012-13,2016-17,20-24,269,172,0,24.3,4.4,10.0,3.8,8.1,0.5,1.9,1.5,2.1,2.5,4.9,7.5,1.8,0.7,0.6,1.2,2.9,10.8,0.436,0.476,0.272,0.723,0.493,0.463,F
81,Jalen Suggs,1,5,-0.3,2021-22,2022-23,20-21,101,64,0,25.3,3.8,9.8,2.7,5.9,1.1,3.9,2.1,2.8,0.8,2.5,3.3,3.6,1.2,0.5,2.3,2.6,10.8,0.387,0.465,0.271,0.752,0.487,0.442,G
82,Diamond Stone,2,40,-0.1,2016-17,2016-17,19,7,0,0,3.4,0.4,1.9,0.4,1.9,0.0,0.0,0.6,0.6,0.1,0.7,0.9,0.0,0.0,0.1,0.3,0.7,1.4,0.231,0.231,,1.0,0.339,0.231,C
83,Jarnell Stokes,2,35,0.6,2014-15,2016-17,21-23,28,2,0,5.4,0.9,1.5,0.9,1.5,0.0,0.0,0.6,1.1,0.6,0.8,1.4,0.3,0.3,0.2,0.3,1.0,2.4,0.581,0.581,,0.531,0.587,0.581,F-C
84,Isaiah Stewart,1,16,9.4,2020-21,2022-23,19-21,189,132,0,24.8,3.6,7.1,3.0,5.4,0.5,1.7,1.3,1.8,2.6,5.1,7.8,1.1,0.4,1.0,1.2,2.8,9.0,0.501,0.554,0.328,0.721,0.568,0.539,F-C
85,Lance Stephenson,2,40,17.5,2010-11,2021-22,20-31,554,200,0,22.9,3.4,7.7,2.7,5.5,0.7,2.1,1.1,1.5,0.6,3.4,4.1,2.9,0.6,0.1,1.6,2.0,8.6,0.445,0.496,0.314,0.694,0.513,0.489,G-F
86,Nik Stauskas,1,8,3.9,2014-15,2021-22,21-28,343,63,0,19.5,2.2,5.8,1.1,2.5,1.2,3.3,1.0,1.3,0.2,1.8,2.0,1.5,0.4,0.2,1.0,1.2,6.7,0.389,0.435,0.354,0.812,0.527,0.49,G
87,Cassius Stanley,2,54,0.0,2020-21,2021-22,21-22,33,1,0,7.5,1.0,2.7,0.8,1.8,0.2,0.9,0.5,0.6,0.4,0.8,1.2,0.2,0.2,0.1,0.2,0.9,2.7,0.36,0.424,0.233,0.895,0.452,0.399,G
88,Jaden Springer,1,28,0.3,2021-22,2022-23,19-20,18,2,0,5.3,1.0,2.0,0.9,1.7,0.1,0.3,0.3,0.4,0.4,0.5,0.9,0.4,0.4,0.3,0.2,0.8,2.4,0.5,0.516,0.4,0.75,0.557,0.528,G
89,Omari Spellman,1,30,2.4,2018-19,2019-20,21-22,95,14,0,17.8,2.4,5.7,1.5,3.2,0.9,2.5,1.1,1.4,1.6,2.8,4.3,1.0,0.6,0.5,0.9,1.4,6.8,0.417,0.458,0.366,0.766,0.536,0.498,F
90,Jeremy Sochan,1,9,0.2,2022-23,2022-23,19,56,53,0,26.0,4.5,9.9,3.9,7.5,0.6,2.4,1.4,2.1,1.7,3.6,5.3,2.5,0.8,0.4,1.7,2.5,11.0,0.453,0.519,0.246,0.698,0.509,0.483,F-G
91,Tony Snell,1,20,18.5,2013-14,2021-22,22-30,601,310,0,21.8,2.2,5.2,1.0,2.1,1.2,3.1,0.5,0.5,0.3,2.0,2.3,1.1,0.4,0.2,0.5,1.4,6.1,0.431,0.486,0.394,0.846,0.567,0.549,G-F
92,Zhaire Smith,1,16,0.0,2018-19,2019-20,19-20,13,2,0,11.0,1.3,3.5,0.8,2.0,0.5,1.5,0.6,0.9,0.2,0.9,1.2,0.9,0.4,0.2,0.6,0.9,3.7,0.378,0.423,0.316,0.667,0.477,0.444,G
93,Russ Smith,2,47,-0.2,2014-15,2015-16,23-24,27,0,0,4.9,0.6,1.7,0.4,1.1,0.1,0.6,0.7,1.0,0.1,0.5,0.6,0.7,0.3,0.0,0.7,0.7,2.0,0.319,0.387,0.188,0.769,0.453,0.351,G
94,Nolan Smith,1,21,-0.8,2011-12,2012-13,23-24,84,4,0,9.9,1.3,3.5,1.1,2.6,0.2,0.9,0.5,0.7,0.3,0.7,1.0,1.2,0.3,0.0,0.8,1.0,3.3,0.371,0.407,0.26,0.714,0.435,0.403,G
95,Jalen Smith,1,10,5.1,2020-21,2022-23,20-22,146,40,0,16.2,3.0,6.2,2.3,4.0,0.7,2.3,1.3,1.7,1.6,3.4,5.1,0.6,0.3,0.7,0.8,1.8,8.0,0.485,0.592,0.297,0.76,0.573,0.539,F
96,Dennis Smith Jr.,1,9,0.6,2017-18,2022-23,20-25,270,150,0,24.2,4.0,9.9,3.1,6.9,0.9,3.0,1.5,2.2,0.6,2.4,3.0,4.4,1.1,0.4,2.1,2.1,10.3,0.403,0.448,0.299,0.667,0.476,0.448,G
97,Marcus Smart,1,6,33.2,2014-15,2022-23,20-28,581,360,0,30.0,3.6,9.2,2.0,4.4,1.6,4.9,1.9,2.4,0.8,2.7,3.5,4.6,1.6,0.4,1.9,2.6,10.6,0.386,0.456,0.323,0.777,0.514,0.471,G
98,Peyton Siva,2,56,-0.2,2013-14,2013-14,23,24,0,0,9.3,0.8,2.4,0.5,1.3,0.3,1.0,0.5,0.6,0.1,0.5,0.6,1.4,0.4,0.0,0.8,1.1,2.3,0.316,0.344,0.28,0.733,0.425,0.377,G
99,Chris Singleton,1,18,2.3,2011-12,2013-14,22-24,148,62,0,17.6,1.6,4.2,1.2,3.0,0.4,1.2,0.6,0.9,0.8,2.4,3.2,0.6,0.8,0.4,0.7,2.2,4.1,0.376,0.4,0.319,0.633,0.449,0.423,F
100,Kyle Singler,2,33,10.0,2012-13,2017-18,24-29,356,172,0,21.9,2.4,5.7,1.5,3.3,0.8,2.3,1.0,1.2,0.9,2.0,2.9,0.8,0.6,0.3,0.8,2.1,6.5,0.418,0.458,0.362,0.786,0.527,0.493,F
101,Jericho Sims,2,58,4.1,2021-22,2022-23,23-24,93,21,0,14.7,1.3,1.7,1.3,1.7,0.0,0.0,0.3,0.5,1.7,2.7,4.4,0.5,0.3,0.5,0.5,1.7,2.9,0.758,0.763,0.0,0.533,0.741,0.758,F
102,Ben Simmons,1,1,32.6,2017-18,2022-23,21-26,317,308,3,32.9,6.0,10.8,6.0,10.7,0.0,0.1,2.6,4.5,1.8,6.0,7.8,7.5,1.6,0.7,3.2,2.9,14.7,0.56,0.565,0.139,0.591,0.578,0.561,G-F
103,Pascal Siakam,1,27,41.0,2016-17,2022-23,22-28,471,377,2,30.6,6.5,13.2,5.4,10.1,1.0,3.1,3.1,4.0,1.5,5.1,6.5,3.5,0.9,0.7,1.9,2.8,17.0,0.487,0.537,0.327,0.774,0.567,0.526,F-C
104,Iman Shumpert,1,17,12.9,2011-12,2020-21,21-30,461,246,0,24.9,2.7,6.8,1.6,3.6,1.1,3.1,0.8,1.1,0.7,2.6,3.3,1.8,1.1,0.3,1.1,2.3,7.2,0.391,0.438,0.337,0.764,0.496,0.469,G
105,Marial Shayok,2,54,-0.1,2019-20,2019-20,24,4,0,0,7.0,0.8,3.0,0.3,1.5,0.5,1.5,0.8,1.0,0.3,1.5,1.8,0.3,0.0,0.3,0.8,1.0,2.8,0.25,0.167,0.333,0.75,0.4,0.333,G
106,Day'Ron Sharpe,1,29,2.8,2021-22,2022-23,20-21,80,11,0,11.8,2.2,4.0,2.1,3.8,0.1,0.2,0.7,1.2,2.3,2.3,4.5,0.7,0.3,0.6,0.9,1.9,5.3,0.559,0.566,0.444,0.615,0.587,0.572,C
107,Landry Shamet,1,26,11.8,2018-19,2022-23,21-25,302,92,0,22.9,2.9,7.2,0.9,2.1,2.0,5.2,1.1,1.3,0.2,1.6,1.8,1.7,0.5,0.1,0.7,1.8,8.9,0.406,0.448,0.388,0.842,0.573,0.544,G
108,Collin Sexton,1,8,7.9,2018-19,2022-23,20-24,266,223,0,31.3,7.0,15.1,5.6,11.4,1.4,3.7,3.5,4.3,0.8,2.0,2.9,3.2,0.8,0.1,2.4,2.3,19.0,0.464,0.491,0.38,0.826,0.558,0.51,G
109,Josh Selby,2,49,-0.7,2011-12,2012-13,20-21,38,0,0,7.8,0.8,2.5,0.7,1.9,0.1,0.6,0.5,0.7,0.1,0.5,0.5,0.9,0.2,0.0,0.9,0.6,2.2,0.33,0.384,0.143,0.72,0.395,0.346,G
110,Mike Scott,2,43,16.8,2012-13,2020-21,24-32,555,34,0,16.5,2.6,5.7,1.7,3.2,0.9,2.5,0.7,0.9,0.7,2.4,3.1,0.9,0.3,0.1,0.6,1.5,6.7,0.453,0.521,0.362,0.757,0.552,0.531,F
111,Admiral Schofield,2,42,1.2,2019-20,2022-23,22-25,108,3,0,11.9,1.3,3.2,0.7,1.2,0.6,2.0,0.4,0.5,0.4,1.4,1.8,0.7,0.2,0.1,0.4,1.6,3.7,0.42,0.581,0.322,0.811,0.546,0.52,G-F
112,Larry Sanders,1,15,10.3,2010-11,2016-17,22-28,238,113,0,19.5,2.8,5.9,2.8,5.8,0.0,0.0,0.8,1.4,2.0,3.7,5.7,0.7,0.6,1.8,0.9,2.8,6.4,0.48,0.481,0.0,0.553,0.494,0.48,C-F
113,Robert Sacre,2,60,2.4,2012-13,2015-16,23-26,189,35,0,14.5,1.7,3.9,1.7,3.9,0.0,0.0,0.8,1.2,1.1,2.0,3.1,0.7,0.3,0.6,0.5,1.8,4.2,0.436,0.437,0.0,0.671,0.475,0.436,C
114,Domantas Sabonis,1,11,47.2,2016-17,2022-23,20-26,494,354,3,29.4,5.9,10.7,5.5,9.4,0.4,1.3,2.9,4.0,2.4,7.3,9.7,4.2,0.8,0.5,2.4,3.1,15.1,0.548,0.579,0.326,0.731,0.605,0.568,C-F
115,D'Angelo Russell,1,2,19.5,2015-16,2022-23,19-26,495,431,1,29.9,6.4,15.0,3.9,8.1,2.5,6.9,2.4,3.1,0.5,3.0,3.5,5.7,1.1,0.3,2.8,1.9,17.7,0.426,0.48,0.362,0.788,0.541,0.509,G
116,Terry Rozier,1,16,25.7,2015-16,2022-23,21-28,540,298,0,27.1,5.0,11.9,2.9,6.3,2.1,5.6,1.7,2.0,0.7,3.3,3.9,3.4,1.0,0.2,1.3,1.5,13.6,0.417,0.461,0.367,0.819,0.534,0.504,G
117,Terrence Ross,1,8,25.0,2012-13,2022-23,21-31,733,187,0,24.5,4.0,9.6,2.2,4.6,1.8,5.0,1.1,1.4,0.3,2.5,2.8,1.3,0.8,0.3,1.0,1.7,11.0,0.418,0.48,0.362,0.837,0.538,0.513,F-G
118,Ryan Rollins,2,44,-0.3,2022-23,2022-23,20,12,0,0,5.2,0.6,1.7,0.3,0.9,0.3,0.8,0.5,0.5,0.3,0.8,1.0,0.5,0.1,0.1,1.3,0.8,1.9,0.35,0.364,0.333,1.0,0.508,0.425,G
119,David Roddy,1,23,1.1,2022-23,2022-23,21,70,4,0,18.0,2.6,6.0,1.6,3.0,0.9,3.0,0.6,0.9,0.7,2.0,2.8,0.8,0.4,0.3,0.8,1.5,6.7,0.429,0.553,0.307,0.631,0.519,0.506,F
120,Isaiah Roby,2,45,4.0,2019-20,2022-23,21-24,151,64,0,18.9,2.9,6.0,2.3,4.2,0.6,1.8,1.2,1.8,1.2,3.2,4.4,1.4,0.7,0.5,1.2,2.2,7.7,0.485,0.541,0.351,0.675,0.563,0.536,F
121,Jeremiah Robinson-Earl,2,32,3.4,2021-22,2022-23,21-22,92,56,0,20.7,2.7,6.2,1.6,3.2,1.0,3.0,0.8,1.0,1.6,3.3,4.9,1.0,0.6,0.3,0.6,1.6,7.2,0.427,0.503,0.344,0.781,0.536,0.51,F
122,Thomas Robinson,1,5,4.6,2012-13,2016-17,21-25,313,12,0,13.4,2.0,4.3,2.0,4.3,0.0,0.0,0.8,1.6,1.7,3.1,4.8,0.6,0.5,0.4,1.0,1.7,4.9,0.47,0.472,0.0,0.505,0.484,0.47,F
123,Jerome Robinson,1,13,-0.1,2018-19,2020-21,21-23,113,12,0,14.2,1.7,4.6,1.0,2.3,0.7,2.2,0.5,0.8,0.2,1.7,1.8,1.2,0.5,0.2,0.7,1.7,4.5,0.363,0.414,0.31,0.721,0.465,0.439,G
124,Glenn Robinson III,2,40,7.9,2014-15,2020-21,21-27,304,105,0,17.4,2.3,5.0,1.6,3.3,0.6,1.7,0.8,1.0,0.7,1.9,2.6,0.8,0.5,0.2,0.5,0.9,5.9,0.457,0.501,0.373,0.779,0.55,0.521,G-F
125,Andre Roberson,1,26,12.6,2013-14,2020-21,22-29,307,269,0,22.2,1.9,3.9,1.5,2.5,0.4,1.4,0.4,0.9,1.2,2.8,4.0,0.9,0.9,0.6,0.6,2.1,4.5,0.473,0.6,0.253,0.468,0.52,0.519,G-F
126,Austin Rivers,1,10,15.2,2012-13,2022-23,20-30,707,184,0,23.8,3.1,7.5,2.0,4.3,1.1,3.2,1.1,1.7,0.3,1.7,2.0,2.1,0.7,0.2,1.0,2.1,8.5,0.419,0.47,0.349,0.653,0.516,0.493,G
127,Grant Riller,2,56,0.1,2020-21,2020-21,23,7,0,0,3.9,1.1,1.7,0.9,1.1,0.3,0.6,0.0,0.0,0.0,0.1,0.1,0.4,0.1,0.0,0.1,0.0,2.6,0.667,0.75,0.5,,0.75,0.75,G
128,Malachi Richardson,1,22,-0.1,2016-17,2018-19,21-23,70,4,0,8.9,1.0,2.7,0.6,1.3,0.4,1.3,0.5,0.7,0.1,0.9,1.0,0.3,0.2,0.0,0.4,0.9,2.8,0.358,0.415,0.301,0.783,0.478,0.433,G
129,Josh Richardson,2,40,25.6,2015-16,2022-23,22-29,503,316,0,29.0,4.3,10.0,2.7,5.7,1.6,4.4,1.6,1.9,0.7,2.4,3.1,2.7,1.1,0.6,1.4,2.3,11.8,0.428,0.477,0.365,0.84,0.542,0.508,G
130,Nick Richards,2,42,5.2,2020-21,2022-23,23-25,133,14,0,12.4,2.0,3.1,2.0,3.1,0.0,0.0,1.3,1.8,1.4,2.5,3.9,0.4,0.2,0.7,0.6,1.6,5.2,0.633,0.634,0.5,0.734,0.675,0.635,F-C
131,Glen Rice Jr.,2,35,-0.2,2013-14,2014-15,23-24,16,1,0,9.5,0.9,3.3,0.5,1.8,0.4,1.5,0.6,0.8,0.4,1.1,1.5,0.6,0.4,0.1,0.7,1.1,2.7,0.269,0.286,0.25,0.692,0.372,0.327,G
132,Ryan Reid,2,57,0.1,2011-12,2011-12,25,5,0,0,3.4,0.8,1.0,0.8,1.0,0.0,0.0,0.0,0.0,0.2,0.2,0.4,0.0,0.0,0.0,0.2,0.2,1.6,0.8,0.8,,,0.8,0.8,F
133,Paul Reed,2,58,4.8,2020-21,2022-23,21-23,133,4,0,9.3,1.7,2.9,1.6,2.7,0.0,0.2,0.4,0.5,1.4,1.7,3.1,0.4,0.7,0.6,0.5,1.6,3.7,0.574,0.598,0.15,0.658,0.591,0.578,F
134,Davon Reed,2,32,1.5,2017-18,2022-23,22-27,122,7,0,10.6,1.1,2.7,0.6,1.3,0.5,1.4,0.3,0.4,0.2,1.5,1.7,0.8,0.4,0.1,0.4,1.0,3.1,0.408,0.434,0.385,0.667,0.525,0.509,G
135,Cam Reddish,1,10,2.0,2019-20,2022-23,20-23,173,82,0,24.9,3.5,8.9,2.2,4.8,1.3,4.1,1.9,2.3,0.6,2.4,3.0,1.3,1.0,0.4,1.4,1.9,10.3,0.399,0.463,0.322,0.843,0.522,0.473,F
136,Andy Rautins,2,38,-0.2,2010-11,2010-11,24,5,0,0,4.8,0.6,1.4,0.4,0.6,0.2,0.8,0.2,0.4,0.0,0.2,0.2,0.6,0.2,0.0,1.4,0.0,1.6,0.429,0.667,0.25,0.5,0.508,0.5,G
137,Julius Randle,1,7,39.5,2014-15,2022-23,20-28,595,515,2,31.7,6.8,14.5,5.7,11.1,1.1,3.3,4.0,5.3,2.0,7.4,9.4,3.6,0.7,0.4,2.8,3.1,18.7,0.47,0.51,0.336,0.745,0.556,0.509,F-C
138,Jahmi'us Ramsey,2,43,-0.1,2020-21,2021-22,19-20,32,0,0,7.1,1.2,3.0,0.9,1.8,0.3,1.2,0.4,0.6,0.2,0.5,0.7,0.4,0.2,0.1,0.3,0.6,3.1,0.406,0.492,0.27,0.632,0.479,0.458,G
139,Ivan Rabb,2,35,3.2,2017-18,2018-19,20-21,85,18,0,14.6,2.4,4.3,2.3,4.1,0.0,0.2,0.9,1.2,1.4,2.8,4.3,1.0,0.3,0.3,0.8,1.7,5.7,0.555,0.57,0.2,0.743,0.591,0.559,F
140,Immanuel Quickley,1,25,14.1,2020-21,2022-23,21-23,223,27,0,24.2,4.2,10.0,2.3,4.9,1.9,5.2,2.4,2.8,0.5,2.7,3.2,3.1,0.7,0.1,1.2,2.0,12.7,0.416,0.468,0.367,0.859,0.561,0.51,G
141,Neemias Queta,2,39,0.2,2021-22,2022-23,22-23,20,0,0,7.5,1.2,2.4,1.2,2.4,0.0,0.0,0.6,1.0,1.0,1.2,2.1,0.4,0.1,0.5,0.4,1.3,2.9,0.489,0.489,,0.579,0.515,0.489,C
142,Payton Pritchard,1,26,6.2,2020-21,2022-23,23-25,185,9,0,15.7,2.4,5.6,1.0,2.1,1.4,3.5,0.4,0.4,0.5,1.6,2.1,1.7,0.4,0.1,0.7,1.1,6.6,0.43,0.478,0.4,0.89,0.57,0.555,G
143,Taurean Prince,1,12,9.6,2016-17,2022-23,22-28,424,222,0,23.9,3.7,8.7,2.0,4.3,1.7,4.4,1.4,1.7,0.5,3.2,3.7,1.7,0.8,0.4,1.5,2.1,10.4,0.421,0.473,0.372,0.818,0.549,0.516,F
144,Joshua Primo,1,12,-0.1,2021-22,2022-23,19-20,54,16,0,19.6,2.0,5.5,1.2,2.7,0.8,2.8,0.9,1.3,0.6,1.7,2.3,1.8,0.4,0.5,1.3,1.6,5.9,0.372,0.442,0.302,0.75,0.485,0.448,G
145,Jason Preston,2,33,0.1,2022-23,2022-23,23,14,0,0,8.9,1.3,2.9,0.9,1.6,0.4,1.3,0.0,0.1,0.1,1.4,1.6,1.9,0.1,0.0,0.7,0.5,2.9,0.439,0.565,0.278,0.0,0.489,0.5,G
146,Norman Powell,2,46,23.0,2015-16,2022-23,22-29,481,196,0,22.8,4.2,9.0,2.7,5.2,1.5,3.8,2.2,2.6,0.4,2.2,2.6,1.5,0.8,0.3,1.2,1.9,12.0,0.465,0.524,0.386,0.827,0.592,0.548,G
147,Dwight Powell,2,45,43.1,2014-15,2022-23,23-31,587,243,0,19.0,2.8,4.7,2.6,4.0,0.2,0.7,1.7,2.3,1.6,2.9,4.5,1.0,0.6,0.5,0.7,2.3,7.6,0.599,0.654,0.292,0.741,0.661,0.621,F-C
148,Bobby Portis,1,22,26.4,2015-16,2022-23,20-27,523,142,0,22.3,4.6,9.8,3.5,6.9,1.1,2.9,1.1,1.5,1.9,5.1,7.0,1.2,0.6,0.4,1.1,1.9,11.5,0.474,0.513,0.381,0.754,0.551,0.53,F
149,Michael Porter Jr.,1,14,13.9,2019-20,2022-23,21-24,187,133,0,26.1,5.7,11.3,3.4,5.8,2.3,5.5,1.4,1.8,1.2,4.7,5.9,1.1,0.6,0.6,1.1,1.9,15.2,0.506,0.59,0.417,0.797,0.627,0.608,F
150,Kevin Porter Jr.,1,30,4.0,2019-20,2022-23,19-22,196,146,0,30.2,5.4,12.7,3.4,7.0,2.0,5.7,2.4,3.3,0.8,3.5,4.3,5.0,1.1,0.3,2.9,2.6,15.3,0.431,0.491,0.357,0.725,0.544,0.511,G
151,Jordan Poole,1,28,9.9,2019-20,2022-23,20-23,266,115,0,26.3,5.2,12.5,3.0,5.8,2.2,6.6,3.0,3.5,0.3,2.3,2.6,3.4,0.7,0.2,2.1,2.3,15.8,0.421,0.515,0.339,0.878,0.564,0.511,G
152,Quincy Pondexter,1,26,9.7,2010-11,2018-19,22-30,355,48,0,15.6,1.6,3.8,1.0,2.1,0.6,1.7,0.7,1.0,0.6,1.2,1.8,0.7,0.3,0.1,0.5,1.3,4.5,0.423,0.475,0.356,0.746,0.536,0.501,G-F
153,Jakob Poeltl,1,9,34.9,2016-17,2022-23,21-27,488,235,0,21.1,3.6,5.7,3.6,5.7,0.0,0.0,0.9,1.7,2.6,3.9,6.5,1.6,0.6,1.3,1.1,2.4,8.1,0.628,0.628,0.5,0.536,0.626,0.628,C
154,Miles Plumlee,1,26,10.6,2012-13,2018-19,24-30,346,168,0,16.4,2.2,4.0,2.2,4.0,0.0,0.0,0.6,1.1,1.6,2.9,4.5,0.5,0.4,0.7,0.9,1.6,4.9,0.542,0.542,,0.543,0.55,0.542,C-F
155,Mason Plumlee,1,22,52.1,2013-14,2022-23,23-32,740,446,0,22.7,3.4,5.7,3.4,5.6,0.0,0.1,1.8,3.2,2.1,4.7,6.9,2.5,0.7,0.9,1.5,2.8,8.6,0.595,0.601,0.049,0.567,0.605,0.595,C-F
156,Dexter Pittman,2,32,0.5,2010-11,2013-14,22-25,50,6,0,6.9,1.0,2.2,1.0,2.2,0.0,0.0,0.4,0.7,0.8,1.0,1.8,0.2,0.2,0.2,0.4,1.7,2.3,0.45,0.45,,0.545,0.47,0.45,C
157,Alec Peters,2,54,0.3,2017-18,2017-18,22,20,0,0,11.3,1.4,3.7,0.5,0.8,0.9,2.9,0.4,0.5,0.4,1.5,1.9,0.6,0.1,0.1,0.2,0.7,4.1,0.378,0.625,0.31,0.8,0.523,0.5,F
158,Reggie Perry,2,57,0.4,2020-21,2021-22,20-21,36,1,0,11.1,2.0,4.4,1.8,3.3,0.2,1.0,0.5,0.8,1.2,2.2,3.3,0.7,0.4,0.3,0.7,2.0,4.7,0.459,0.542,0.189,0.679,0.502,0.481,F-C
159,Elfrid Payton,1,10,15.8,2014-15,2021-22,20-27,500,395,0,26.8,4.2,9.3,3.8,8.0,0.4,1.3,1.3,2.2,1.0,3.0,4.0,5.7,1.2,0.3,2.2,2.0,10.1,0.447,0.474,0.287,0.623,0.49,0.467,G
160,Cameron Payne,1,14,9.3,2015-16,2022-23,21-28,327,56,0,18.2,3.1,7.4,2.0,4.4,1.1,2.9,0.8,0.9,0.3,1.9,2.2,3.4,0.7,0.2,1.3,1.7,8.0,0.42,0.458,0.363,0.816,0.515,0.493,G
161,Adreian Payne,1,15,-0.6,2014-15,2017-18,23-26,107,24,0,13.1,1.6,4.0,1.5,3.5,0.1,0.6,0.6,0.9,0.7,2.2,2.9,0.6,0.4,0.3,0.8,1.9,4.0,0.406,0.43,0.254,0.68,0.455,0.423,F-C
162,Justin Patton,1,16,0.4,2017-18,2020-21,20-23,22,6,0,13.5,1.6,4.0,1.2,2.2,0.5,1.8,0.2,0.3,0.8,2.0,2.7,0.9,0.7,0.6,0.3,2.0,3.9,0.404,0.531,0.25,0.667,0.469,0.461,C
163,Patrick Patterson,1,14,31.9,2010-11,2020-21,21-31,719,104,0,20.8,2.6,5.8,1.7,3.4,0.9,2.4,0.6,0.8,1.1,2.7,3.9,1.0,0.5,0.4,0.6,1.6,6.7,0.447,0.501,0.369,0.755,0.54,0.522,F
164,Lamar Patterson,2,48,0.1,2015-16,2016-17,24-25,40,0,0,10.9,0.8,2.4,0.5,1.0,0.3,1.4,0.5,0.6,0.1,1.3,1.4,1.1,0.3,0.1,0.7,1.3,2.3,0.326,0.45,0.236,0.72,0.439,0.395,G-F
165,Eric Paschall,2,41,5.0,2019-20,2021-22,23-25,158,31,0,19.5,3.7,7.4,3.1,5.6,0.6,1.8,1.9,2.5,0.9,2.3,3.2,1.4,0.3,0.2,1.0,1.5,9.8,0.494,0.55,0.326,0.758,0.577,0.535,F
166,Chandler Parsons,2,38,28.9,2011-12,2019-20,23-31,440,369,0,30.1,4.8,10.5,3.3,6.3,1.6,4.2,1.4,2.0,0.8,3.7,4.5,2.7,0.9,0.3,1.5,2.0,12.7,0.462,0.521,0.373,0.713,0.557,0.536,F
167,Jabari Parker,1,2,13.8,2014-15,2021-22,19-26,310,190,0,27.5,5.7,11.5,5.0,9.4,0.7,2.1,2.0,2.8,1.4,4.0,5.5,2.0,0.9,0.4,1.7,2.0,14.1,0.494,0.531,0.326,0.743,0.554,0.523,F
168,Marcus Paige,2,55,0.0,2017-18,2017-18,24,5,0,0,5.6,0.8,2.8,0.4,1.2,0.4,1.6,0.4,0.4,0.0,0.8,0.8,0.6,0.0,0.0,0.0,0.0,2.4,0.286,0.333,0.25,1.0,0.403,0.357,G
169,Daniel Oturu,2,33,0.3,2020-21,2021-22,21-22,33,0,0,5.7,0.8,1.8,0.7,1.6,0.0,0.2,0.4,0.5,0.7,0.9,1.6,0.3,0.1,0.3,0.3,0.8,1.9,0.431,0.462,0.167,0.706,0.481,0.44,F-C
170,Daniel Orton,1,29,1.0,2011-12,2013-14,21-23,51,6,0,10.6,1.0,2.0,1.0,2.0,0.0,0.0,0.8,1.4,0.9,1.5,2.5,0.5,0.4,0.5,0.6,1.6,2.8,0.485,0.49,0.0,0.597,0.531,0.485,C-F
171,Chinanu Onuaku,2,37,0.1,2016-17,2017-18,20-21,6,1,0,12.3,1.2,2.0,1.2,2.0,0.0,0.0,0.7,0.7,0.5,1.8,2.3,0.7,0.5,0.2,1.2,1.7,3.0,0.583,0.583,,1.0,0.654,0.583,F-C
172,Miye Oni,2,58,1.0,2019-20,2021-22,22-24,80,1,0,8.4,0.6,1.8,0.1,0.3,0.5,1.4,0.1,0.2,0.4,1.0,1.4,0.5,0.2,0.1,0.3,1.0,1.8,0.35,0.44,0.33,0.75,0.499,0.486,G
173,Kelly Olynyk,1,13,39.6,2013-14,2022-23,22-31,678,234,0,22.6,3.7,7.7,2.5,4.4,1.2,3.3,1.7,2.2,1.2,4.0,5.2,2.2,0.8,0.5,1.6,2.8,10.3,0.478,0.561,0.368,0.794,0.595,0.557,C-F
174,Victor Oladipo,1,2,25.6,2013-14,2022-23,21-30,504,397,2,32.2,6.2,14.2,4.6,9.5,1.6,4.7,2.9,3.7,0.6,3.9,4.5,3.9,1.6,0.5,2.5,2.4,16.9,0.436,0.48,0.347,0.788,0.534,0.493,G
175,Isaac Okoro,1,5,9.4,2020-21,2022-23,20-22,210,174,0,27.6,2.9,6.4,2.1,3.8,0.9,2.6,1.5,2.0,0.9,1.9,2.8,1.6,0.8,0.4,0.9,2.4,8.2,0.459,0.546,0.33,0.749,0.565,0.526,G-F
176,Onyeka Okongwu,1,6,13.2,2020-21,2022-23,20-22,178,28,0,19.3,3.2,4.9,3.2,4.8,0.0,0.1,1.5,2.0,2.2,3.5,5.7,0.9,0.6,1.1,0.9,2.8,7.9,0.653,0.66,0.25,0.741,0.684,0.655,F
177,Josh Okogie,1,20,8.2,2018-19,2022-23,20-24,316,149,0,20.1,2.1,5.3,1.5,3.0,0.7,2.3,1.7,2.2,1.0,2.0,3.0,1.2,0.9,0.4,0.9,1.9,6.6,0.4,0.483,0.291,0.749,0.523,0.463,G
178,Chuma Okeke,1,16,4.1,2020-21,2022-23,22-24,142,47,0,23.9,2.8,7.2,1.4,3.0,1.4,4.2,0.7,0.9,0.8,3.6,4.4,1.8,1.2,0.5,0.8,1.3,7.6,0.386,0.475,0.323,0.802,0.503,0.48,F
179,Jahlil Okafor,1,3,7.2,2015-16,2020-21,20-25,247,116,0,19.5,4.4,8.2,4.4,8.1,0.0,0.1,1.5,2.3,1.5,3.2,4.7,0.9,0.3,0.8,1.4,2.1,10.4,0.542,0.546,0.222,0.676,0.568,0.543,C-F
180,Semi Ojeleye,2,37,5.2,2017-18,2021-22,23-27,284,24,0,14.5,1.2,3.0,0.5,1.1,0.7,1.9,0.4,0.6,0.5,1.6,2.2,0.4,0.3,0.1,0.3,1.1,3.4,0.384,0.454,0.344,0.717,0.52,0.494,F
181,Kyle O'Quinn,2,49,17.8,2012-13,2019-20,22-29,472,65,0,14.2,2.3,4.4,2.2,4.1,0.1,0.3,0.8,1.1,1.3,3.3,4.6,1.4,0.4,1.0,1.0,2.0,5.4,0.517,0.539,0.218,0.74,0.554,0.524,F-C
182,Johnny O'Bryant,2,36,0.2,2014-15,2017-18,21-24,147,19,0,11.5,1.4,3.6,1.3,3.3,0.1,0.3,0.4,0.7,0.9,1.5,2.4,0.5,0.2,0.1,0.5,1.4,3.5,0.402,0.406,0.36,0.663,0.444,0.419,F-C
183,Jordan Nwora,2,45,2.5,2020-21,2022-23,22-24,154,29,0,17.2,2.9,6.8,1.6,3.5,1.3,3.2,0.8,1.0,0.6,2.7,3.3,1.0,0.4,0.2,1.0,1.1,7.8,0.424,0.459,0.386,0.799,0.541,0.517,F
184,Jaylen Nowell,2,43,4.8,2019-20,2022-23,20-23,184,3,0,17.0,3.5,7.8,2.5,4.7,1.0,3.1,1.1,1.4,0.4,1.7,2.2,1.9,0.5,0.2,0.7,1.4,9.1,0.447,0.529,0.322,0.798,0.541,0.511,G
185,Nerlens Noel,1,6,28.3,2014-15,2022-23,20-28,467,223,0,22.0,2.9,5.4,2.9,5.4,0.0,0.0,1.3,1.9,1.9,4.1,6.1,1.1,1.3,1.5,1.3,2.6,7.1,0.546,0.548,0.2,0.655,0.573,0.547,C-F
186,Zeke Nnaji,1,22,4.3,2020-21,2022-23,20-22,136,7,0,13.4,1.9,3.6,1.3,2.1,0.6,1.5,0.7,1.0,1.0,1.6,2.6,0.3,0.3,0.3,0.4,1.6,5.0,0.527,0.631,0.382,0.655,0.623,0.607,F
187,Andrew Nicholson,1,19,3.8,2012-13,2016-17,23-27,285,36,0,14.3,2.5,5.3,2.2,4.4,0.3,1.0,0.7,0.9,0.7,2.3,3.0,0.4,0.3,0.3,0.7,1.6,6.0,0.467,0.498,0.321,0.773,0.522,0.495,F
188,Georges Niang,2,50,10.6,2016-17,2022-23,23-29,383,19,0,15.6,2.3,5.3,0.8,1.6,1.5,3.7,0.4,0.5,0.3,1.8,2.1,0.8,0.3,0.1,0.6,1.5,6.5,0.438,0.519,0.403,0.872,0.594,0.579,F
189,Aaron Nesmith,1,14,3.5,2020-21,2022-23,21-23,171,64,0,17.9,2.4,5.6,1.3,2.4,1.1,3.1,0.9,1.1,0.6,2.3,2.9,0.8,0.5,0.3,0.8,2.3,6.7,0.423,0.523,0.346,0.827,0.556,0.521,G-F
190,Andrew Nembhard,2,31,1.2,2022-23,2022-23,23,75,63,0,27.6,3.8,8.6,2.6,5.1,1.2,3.5,0.7,0.8,0.5,2.2,2.7,4.5,0.9,0.2,1.7,2.4,9.5,0.441,0.504,0.35,0.79,0.528,0.512,G
191,Shabazz Napier,1,24,8.1,2014-15,2019-20,23-28,345,56,0,17.4,2.3,5.9,1.3,3.0,1.0,2.9,1.4,1.7,0.3,1.6,1.9,2.5,0.8,0.1,1.3,1.2,7.1,0.397,0.448,0.345,0.815,0.532,0.482,G
192,Abdel Nader,2,58,2.8,2017-18,2021-22,24-28,202,8,0,12.8,1.6,3.9,1.0,2.1,0.6,1.7,0.7,0.9,0.3,1.6,1.9,0.5,0.4,0.3,0.7,1.2,4.6,0.428,0.486,0.357,0.718,0.538,0.508,F
193,Hamady N'Diaye,2,56,0.0,2010-11,2013-14,24-27,33,0,0,4.8,0.2,0.5,0.2,0.5,0.0,0.0,0.2,0.4,0.2,0.5,0.8,0.1,0.1,0.3,0.2,1.0,0.6,0.467,0.467,,0.462,0.483,0.467,C
194,Mike Muscala,2,44,19.1,2013-14,2022-23,22-31,495,39,0,15.4,2.2,4.8,1.2,2.2,1.0,2.6,0.8,0.9,0.8,2.4,3.2,0.9,0.3,0.5,0.6,1.5,6.2,0.457,0.549,0.379,0.838,0.59,0.56,F-C
195,Keegan Murray,1,4,4.3,2022-23,2022-23,22,80,78,0,29.8,4.4,9.8,1.9,3.5,2.6,6.3,0.8,1.0,1.1,3.5,4.6,1.2,0.8,0.5,0.8,2.0,12.2,0.453,0.527,0.411,0.765,0.597,0.584,F
196,Jamal Murray,1,7,26.0,2016-17,2022-23,19-25,410,336,0,30.5,6.2,13.9,4.1,8.4,2.1,5.5,2.4,2.8,0.8,2.9,3.7,4.2,1.0,0.3,2.0,1.8,16.9,0.447,0.496,0.373,0.87,0.56,0.522,G
197,Dejounte Murray,1,29,21.1,2016-17,2022-23,20-26,394,323,1,27.8,5.7,12.4,4.8,9.8,0.9,2.7,1.7,2.2,1.0,4.9,5.9,5.0,1.4,0.3,1.9,1.8,14.0,0.458,0.491,0.335,0.784,0.522,0.493,G
198,Trey Murphy III,1,17,9.5,2021-22,2022-23,21-22,141,66,0,23.5,3.5,7.6,1.6,2.8,1.9,4.8,1.5,1.7,0.8,2.3,3.0,1.1,0.8,0.4,0.5,1.5,10.5,0.461,0.566,0.4,0.9,0.626,0.587,F
199,Kevin Murphy,2,47,-0.3,2012-13,2012-13,22,17,0,0,3.1,0.4,1.6,0.4,1.4,0.1,0.3,0.0,0.0,0.0,0.2,0.2,0.1,0.1,0.0,0.2,0.2,0.9,0.25,0.261,0.2,,0.268,0.268,G
200,Erik Murphy,2,49,-0.1,2013-14,2013-14,23,24,0,0,2.6,0.1,0.5,0.1,0.4,0.0,0.1,0.0,0.0,0.1,0.3,0.3,0.1,0.0,0.2,0.1,0.3,0.3,0.231,0.3,0.0,,0.231,0.231,F
201,Shabazz Muhammad,1,14,8.5,2013-14,2017-18,21-25,278,16,0,17.2,3.4,7.2,2.9,5.8,0.4,1.4,1.8,2.4,1.1,1.7,2.8,0.5,0.3,0.1,0.7,1.0,9.0,0.473,0.51,0.319,0.751,0.549,0.504,F-G
202,Arnett Moultrie,1,27,1.7,2012-13,2013-14,22-23,59,2,0,12.4,1.6,2.9,1.6,2.9,0.0,0.0,0.4,0.6,1.5,1.6,3.1,0.2,0.4,0.2,0.4,1.1,3.6,0.547,0.547,,0.667,0.563,0.547,F
203,Monte Morris,2,51,22.7,2017-18,2022-23,22-27,342,166,0,25.6,4.1,8.6,2.9,5.5,1.2,3.1,1.0,1.2,0.4,2.2,2.5,4.0,0.8,0.2,0.8,1.1,10.5,0.481,0.53,0.392,0.83,0.573,0.55,G
204,Markieff Morris,1,13,27.5,2011-12,2022-23,22-33,750,378,0,24.1,4.1,9.2,3.2,6.7,0.8,2.5,1.6,2.0,1.2,3.9,5.0,1.6,0.8,0.5,1.5,2.7,10.6,0.446,0.484,0.343,0.778,0.527,0.492,F
205,Marcus Morris,1,14,38.3,2011-12,2022-23,22-33,783,502,0,27.2,4.5,10.4,2.9,6.1,1.6,4.3,1.7,2.2,0.9,3.7,4.5,1.5,0.7,0.3,1.2,2.2,12.3,0.434,0.475,0.376,0.773,0.543,0.512,F
206,Darius Morris,2,41,-0.3,2011-12,2014-15,21-24,132,17,0,11.1,1.3,3.3,0.9,2.2,0.4,1.1,0.4,0.6,0.3,0.7,1.0,1.4,0.3,0.0,0.8,1.0,3.3,0.384,0.416,0.322,0.63,0.46,0.439,G
207,Ja Morant,1,2,19.7,2019-20,2022-23,20-23,248,246,2,32.1,8.2,17.3,6.9,13.3,1.3,3.9,4.8,6.4,1.0,3.8,4.8,7.4,1.0,0.3,3.3,1.5,22.4,0.472,0.517,0.321,0.753,0.557,0.509,G
208,Wendell Moore Jr.,1,26,0.1,2022-23,2022-23,21,29,2,0,5.3,0.6,1.5,0.6,0.9,0.1,0.6,0.1,0.2,0.1,0.5,0.6,0.6,0.3,0.2,0.3,0.4,1.4,0.419,0.615,0.118,0.8,0.465,0.442,G-F
209,E'Twaun Moore,2,55,14.8,2011-12,2020-21,22-31,598,191,0,21.0,3.2,7.1,2.3,4.7,0.9,2.4,0.6,0.8,0.5,1.5,2.0,1.8,0.7,0.2,0.9,1.6,7.9,0.455,0.489,0.388,0.742,0.535,0.521,G-F
210,Moses Moody,1,14,2.6,2021-22,2022-23,19-20,115,14,0,12.4,1.6,3.6,0.9,1.4,0.8,2.1,0.6,0.8,0.4,1.2,1.6,0.6,0.2,0.1,0.4,0.8,4.6,0.459,0.6,0.363,0.73,0.59,0.567,G
211,Greg Monroe,1,7,50.4,2010-11,2021-22,20-31,646,417,0,27.4,5.2,10.1,5.2,10.1,0.0,0.0,2.6,3.7,2.8,5.4,8.2,2.1,1.1,0.6,1.9,2.2,13.0,0.514,0.515,0.059,0.703,0.553,0.514,C-F
212,Malik Monk,1,11,8.9,2017-18,2022-23,19-24,386,38,0,20.8,3.9,9.1,2.2,4.4,1.7,4.7,1.4,1.6,0.3,2.0,2.4,2.4,0.5,0.3,1.4,1.4,10.9,0.43,0.51,0.356,0.849,0.555,0.522,G
213,Isaiah Mobley,2,49,0.2,2022-23,2022-23,23,13,0,0,6.5,0.9,2.2,0.7,1.5,0.2,0.6,0.3,0.3,0.3,1.2,1.5,0.2,0.3,0.2,0.1,0.6,2.4,0.429,0.45,0.375,1.0,0.521,0.482,F
214,Evan Mobley,1,3,13.7,2021-22,2022-23,20-21,148,148,0,34.1,6.4,12.0,6.1,10.7,0.3,1.3,2.5,3.8,2.2,6.4,8.7,2.7,0.8,1.6,1.9,2.5,15.6,0.533,0.57,0.232,0.669,0.572,0.546,F-C
215,Tony Mitchell,2,37,0.2,2013-14,2013-14,21,21,0,0,3.8,0.2,0.6,0.2,0.5,0.0,0.0,0.5,0.9,0.7,0.5,1.2,0.1,0.3,0.1,0.2,0.4,1.0,0.417,0.364,1.0,0.579,0.54,0.458,F
216,Tony Mitchell,2,37,0.1,2013-14,2013-14,24,3,0,0,3.3,1.0,1.7,1.0,1.3,0.0,0.3,0.0,0.0,0.3,0.0,0.3,0.3,0.3,0.0,0.0,0.0,2.0,0.6,0.75,0.0,,0.6,0.6,F
217,Donovan Mitchell,1,13,37.9,2017-18,2022-23,21-26,413,405,4,34.1,8.8,19.6,5.9,11.6,2.9,8.0,4.1,4.9,0.8,3.4,4.2,4.5,1.3,0.3,2.8,2.5,24.6,0.448,0.505,0.365,0.839,0.565,0.522,G
218,Davion Mitchell,1,9,1.6,2021-22,2022-23,23-24,155,28,0,22.7,3.4,8.0,2.4,4.7,1.1,3.3,0.5,0.7,0.3,1.4,1.7,3.2,0.6,0.3,1.1,1.6,8.5,0.429,0.509,0.317,0.698,0.507,0.495,G
219,Josh Minott,2,45,0.3,2022-23,2022-23,20,15,0,0,6.4,1.2,2.4,1.1,2.0,0.1,0.4,0.5,0.5,0.3,1.3,1.7,0.3,0.3,0.4,0.2,0.7,3.1,0.5,0.533,0.333,1.0,0.582,0.528,F
220,Shake Milton,2,54,9.8,2018-19,2022-23,22-26,254,45,0,20.8,3.5,7.6,2.5,5.0,1.0,2.6,1.4,1.7,0.5,1.9,2.4,2.7,0.5,0.2,1.2,1.9,9.3,0.455,0.502,0.365,0.828,0.556,0.518,G
221,Quincy Miller,2,38,-0.1,2012-13,2014-15,20-22,69,16,0,13.5,1.6,4.4,1.1,2.8,0.5,1.6,0.7,1.0,0.6,1.9,2.4,0.5,0.4,0.5,0.8,1.2,4.3,0.35,0.383,0.292,0.706,0.439,0.404,F
222,Darius Miller,2,46,6.5,2012-13,2020-21,22-30,271,28,0,19.8,2.0,4.8,0.7,1.5,1.3,3.3,0.6,0.7,0.2,1.5,1.6,1.4,0.5,0.2,0.6,1.9,5.9,0.419,0.5,0.383,0.84,0.576,0.552,F
223,Khris Middleton,2,39,52.5,2012-13,2022-23,21-31,684,595,3,31.4,6.2,13.5,4.3,8.7,1.9,4.8,2.8,3.2,0.6,4.2,4.8,3.8,1.2,0.2,2.1,2.5,17.0,0.457,0.495,0.388,0.882,0.572,0.526,F-G
224,Jordan Mickey,2,33,0.5,2015-16,2017-18,21-23,64,4,0,7.5,1.0,2.2,0.9,1.9,0.0,0.3,0.4,0.7,0.6,1.4,2.0,0.3,0.1,0.4,0.4,0.8,2.4,0.449,0.496,0.118,0.605,0.484,0.457,F
225,Chimezie Metu,2,49,4.1,2018-19,2022-23,21-25,209,26,0,12.9,2.2,4.5,1.9,3.3,0.4,1.3,0.9,1.1,0.6,2.8,3.4,0.7,0.5,0.4,0.7,1.2,5.7,0.492,0.567,0.298,0.755,0.566,0.534,F-C
226,Sam Merrill,2,60,0.7,2020-21,2022-23,24-26,41,2,0,8.5,1.2,2.9,0.4,0.7,0.8,2.1,0.2,0.2,0.2,1.0,1.1,0.7,0.3,0.0,0.3,0.6,3.4,0.415,0.533,0.375,0.8,0.568,0.555,G
227,De'Anthony Melton,2,46,11.9,2018-19,2022-23,20-24,312,113,0,22.4,3.2,7.7,1.7,3.8,1.4,3.9,1.0,1.3,0.7,3.0,3.7,2.7,1.4,0.5,1.4,2.0,8.8,0.414,0.459,0.37,0.771,0.534,0.508,G
228,Fab Melo,1,22,0.0,2012-13,2012-13,22,6,0,0,6.0,0.5,1.0,0.5,1.0,0.0,0.0,0.2,0.7,0.0,0.5,0.5,0.0,0.3,0.3,0.2,1.2,1.2,0.5,0.5,,0.25,0.451,0.5,C
229,Jordan McRae,2,58,1.7,2015-16,2019-20,24-28,123,9,0,13.8,2.5,5.9,1.8,4.0,0.7,1.9,1.3,1.7,0.3,1.6,1.8,1.4,0.4,0.2,0.7,1.2,6.9,0.417,0.447,0.355,0.772,0.519,0.474,G
230,Ben McLemore,1,7,9.0,2013-14,2021-22,20-28,556,267,0,22.5,3.2,7.7,1.6,3.4,1.6,4.3,1.1,1.4,0.4,1.9,2.3,1.0,0.6,0.2,1.1,2.1,9.0,0.414,0.479,0.363,0.78,0.543,0.516,G
231,Bryce McGowens,2,40,0.1,2022-23,2022-23,20,46,7,0,17.1,1.7,4.4,1.2,2.7,0.6,1.7,1.3,1.7,0.4,1.6,2.0,1.2,0.3,0.1,0.9,1.0,5.3,0.396,0.443,0.325,0.75,0.519,0.46,G-F
232,Mitch McGary,1,21,1.3,2014-15,2015-16,22-23,52,2,0,10.7,1.9,3.6,1.9,3.5,0.0,0.1,0.6,1.0,1.1,2.4,3.5,0.3,0.3,0.3,0.7,1.6,4.4,0.527,0.544,0.0,0.58,0.54,0.527,F-C
233,Doug McDermott,1,11,20.2,2014-15,2022-23,23-31,591,94,0,20.9,3.5,7.4,2.1,3.9,1.4,3.5,0.9,1.0,0.4,1.9,2.3,1.0,0.2,0.1,0.7,1.5,9.3,0.474,0.531,0.41,0.813,0.591,0.571,F
234,K.J. McDaniels,2,32,1.3,2014-15,2016-17,21-23,148,16,0,14.1,1.9,4.6,1.4,2.9,0.5,1.6,1.1,1.4,0.6,1.5,2.2,0.6,0.5,0.6,1.0,1.4,5.3,0.412,0.479,0.29,0.776,0.512,0.464,G-F
235,Jalen McDaniels,2,52,6.1,2019-20,2022-23,22-25,198,44,0,20.2,2.9,6.2,2.1,3.8,0.8,2.4,1.2,1.5,0.8,3.0,3.8,1.3,0.7,0.4,0.9,2.2,7.7,0.465,0.54,0.345,0.784,0.565,0.531,F
236,Jaden McDaniels,1,28,8.3,2020-21,2022-23,20-22,212,137,0,27.0,3.7,7.7,2.5,4.3,1.2,3.4,0.9,1.2,1.0,2.9,3.9,1.4,0.8,0.9,1.1,3.2,9.6,0.482,0.577,0.36,0.731,0.579,0.561,F
237,Chris McCullough,1,29,0.6,2015-16,2017-18,20-22,59,4,0,9.0,1.3,3.1,1.1,2.3,0.3,0.8,0.4,0.7,0.7,1.2,1.9,0.3,0.5,0.3,0.3,0.9,3.3,0.426,0.47,0.306,0.548,0.481,0.467,F
238,Patrick McCaw,2,38,4.4,2016-17,2020-21,21-25,199,43,0,16.9,1.5,3.5,1.0,2.0,0.5,1.5,0.4,0.5,0.3,1.3,1.6,1.4,0.7,0.2,0.6,1.2,3.8,0.42,0.508,0.305,0.785,0.511,0.486,G
239,Ray McCallum,2,36,2.1,2013-14,2015-16,22-24,154,46,0,18.2,2.4,5.9,2.0,4.6,0.5,1.4,0.7,0.9,0.5,1.5,2.0,2.4,0.5,0.2,1.0,1.2,6.0,0.408,0.43,0.335,0.711,0.47,0.447,G
240,Miles McBride,2,36,1.0,2021-22,2022-23,21-22,104,4,0,10.9,1.0,3.1,0.5,1.2,0.5,1.9,0.3,0.5,0.2,0.7,0.9,1.1,0.5,0.1,0.3,1.0,3.0,0.337,0.43,0.282,0.667,0.448,0.426,G
241,Skylar Mays,2,50,1.7,2020-21,2022-23,23-25,67,11,0,10.1,1.6,3.4,1.1,2.1,0.5,1.4,0.6,0.7,0.3,0.9,1.2,1.4,0.4,0.0,0.4,0.5,4.4,0.478,0.547,0.374,0.894,0.59,0.552,G
242,Tyrese Maxey,1,21,14.6,2020-21,2022-23,20-22,196,123,0,28.6,5.7,11.9,4.1,7.9,1.6,4.0,2.3,2.7,0.3,2.3,2.7,3.3,0.7,0.3,1.1,1.9,15.4,0.479,0.512,0.414,0.858,0.587,0.548,G
243,Bennedict Mathurin,1,6,1.8,2022-23,2022-23,20,78,17,0,28.5,5.3,12.2,4.0,8.2,1.3,4.0,4.8,5.8,1.1,3.0,4.1,1.5,0.6,0.2,1.9,2.1,16.7,0.434,0.488,0.323,0.828,0.566,0.487,G-F
244,Tyrese Martin,2,51,0.0,2022-23,2022-23,23,16,0,0,4.1,0.6,1.4,0.5,1.0,0.1,0.4,0.1,0.1,0.3,0.4,0.8,0.1,0.1,0.0,0.1,0.1,1.3,0.391,0.5,0.143,1.0,0.44,0.413,G
245,Jarell Martin,1,25,3.2,2015-16,2018-19,21-24,184,40,0,15.9,2.0,4.7,1.7,3.7,0.3,1.0,1.0,1.3,1.0,2.4,3.5,0.6,0.4,0.4,0.8,2.2,5.4,0.434,0.457,0.346,0.766,0.513,0.47,F
246,Cody Martin,2,36,6.1,2019-20,2022-23,24-27,178,24,0,21.1,2.2,4.8,1.6,3.1,0.6,1.7,0.8,1.2,1.0,2.5,3.5,2.1,0.9,0.3,0.8,1.5,5.8,0.457,0.535,0.318,0.658,0.538,0.514,G-F
247,Kendall Marshall,1,13,1.0,2012-13,2015-16,21-24,160,57,0,19.3,2.0,4.9,1.2,2.8,0.8,2.2,0.3,0.5,0.1,1.4,1.6,4.9,0.7,0.1,1.8,1.1,5.0,0.399,0.422,0.37,0.611,0.489,0.48,G
248,Lauri Markkanen,1,7,24.8,2017-18,2022-23,20-25,348,322,1,30.6,6.0,13.3,3.7,6.8,2.4,6.4,2.9,3.3,1.3,5.9,7.1,1.4,0.7,0.5,1.4,1.9,17.3,0.455,0.534,0.371,0.858,0.588,0.545,F-C
249,Nico Mannion,2,48,0.2,2020-21,2020-21,19,30,1,0,12.1,1.3,3.8,0.6,1.8,0.7,2.0,0.8,0.9,0.2,1.3,1.5,2.3,0.5,0.0,1.0,1.0,4.1,0.342,0.315,0.367,0.821,0.487,0.439,G
250,Tre Mann,1,18,0.6,2021-22,2022-23,20-21,127,31,0,20.1,3.4,8.6,2.0,4.4,1.4,4.2,0.8,1.1,0.4,2.2,2.6,1.7,0.7,0.2,1.0,1.6,9.0,0.393,0.445,0.338,0.781,0.497,0.475,G
251,Terance Mann,2,48,14.3,2019-20,2022-23,23-26,270,85,0,21.5,3.0,6.1,2.3,4.2,0.7,1.9,1.2,1.5,0.9,2.8,3.7,2.0,0.5,0.2,0.8,1.8,8.0,0.5,0.553,0.383,0.784,0.592,0.56,G-F
252,Sandro Mamukelashvili,2,54,2.0,2021-22,2022-23,22-23,84,10,0,12.7,1.8,4.1,1.2,2.3,0.6,1.8,0.7,0.9,1.3,1.9,3.2,1.0,0.3,0.3,0.6,1.0,5.0,0.446,0.526,0.344,0.722,0.549,0.522,C-F
253,Vernon Macklin,2,52,0.5,2011-12,2011-12,25,23,0,0,5.9,0.8,1.5,0.8,1.5,0.0,0.0,0.3,0.6,0.6,0.9,1.5,0.2,0.2,0.2,0.1,0.4,2.0,0.543,0.543,,0.571,0.559,0.543,F
254,Shelvin Mack,2,34,10.3,2011-12,2018-19,21-28,456,56,0,18.4,2.6,6.0,1.9,4.0,0.7,2.0,0.8,1.1,0.3,1.7,2.0,3.1,0.7,0.1,1.2,1.2,6.6,0.423,0.47,0.33,0.731,0.504,0.478,G
255,Trey Lyles,1,12,17.0,2015-16,2022-23,20-27,523,126,0,18.1,2.8,6.4,1.9,3.7,0.9,2.7,1.2,1.6,0.8,3.5,4.3,1.0,0.4,0.4,0.8,1.4,7.8,0.443,0.517,0.342,0.749,0.549,0.515,F
256,Tyler Lydon,1,24,0.2,2017-18,2018-19,21-22,26,0,0,3.7,0.3,0.7,0.2,0.3,0.2,0.4,0.0,0.1,0.3,0.4,0.7,0.2,0.1,0.0,0.2,0.4,0.9,0.5,0.625,0.4,0.333,0.595,0.611,F
257,Kevon Looney,1,30,29.1,2015-16,2022-23,19-26,449,220,0,17.8,2.2,3.7,2.2,3.6,0.0,0.1,0.8,1.2,2.1,3.5,5.6,1.6,0.5,0.6,0.6,2.2,5.1,0.582,0.597,0.169,0.606,0.598,0.585,F-C
258,Isaiah Livers,2,42,1.7,2021-22,2022-23,23-24,71,27,0,22.3,2.3,5.3,0.8,1.6,1.4,3.8,0.6,0.7,0.6,2.2,2.8,0.9,0.6,0.5,0.6,2.0,6.6,0.426,0.541,0.378,0.83,0.582,0.56,F
259,Nassir Little,1,25,4.0,2019-20,2022-23,19-22,192,34,0,17.1,2.2,4.9,1.4,2.5,0.8,2.3,0.9,1.2,0.8,2.4,3.2,0.8,0.3,0.4,0.6,1.4,6.0,0.451,0.559,0.335,0.725,0.56,0.532,F
260,Damian Lillard,1,6,103.1,2012-13,2022-23,22-32,769,769,7,36.3,8.2,18.6,5.1,10.3,3.1,8.3,5.8,6.4,0.6,3.6,4.2,6.7,1.0,0.3,2.8,1.9,25.2,0.439,0.494,0.372,0.895,0.588,0.523,G
261,DeAndre Liggins,2,53,1.6,2011-12,2017-18,23-29,177,24,0,10.8,0.7,1.8,0.5,1.1,0.2,0.7,0.3,0.5,0.3,1.2,1.4,0.7,0.6,0.2,0.5,1.1,2.0,0.402,0.432,0.352,0.549,0.484,0.469,G
262,Scottie Lewis,2,56,0.0,2021-22,2021-22,21,2,0,0,3.5,0.0,0.0,0.0,0.0,0.0,0.0,0.5,1.0,0.0,0.0,0.0,0.5,0.5,0.0,0.0,0.0,0.5,,,,0.5,0.568,,G
263,Kira Lewis Jr.,1,13,1.3,2020-21,2022-23,19-21,103,0,0,14.4,2.2,5.5,1.6,3.5,0.7,2.1,0.7,0.8,0.3,1.1,1.4,1.9,0.6,0.1,0.7,1.3,5.8,0.401,0.448,0.321,0.847,0.491,0.461,G
264,Caris LeVert,1,20,16.3,2016-17,2022-23,22-28,392,210,0,28.1,5.3,12.1,3.8,7.9,1.4,4.2,2.2,2.9,0.7,3.1,3.8,3.9,1.1,0.3,1.8,2.1,14.1,0.436,0.485,0.344,0.735,0.528,0.496,G-F
265,Jon Leuer,2,40,13.2,2011-12,2018-19,22-29,377,80,0,15.8,2.6,5.4,2.3,4.4,0.3,1.0,0.8,1.1,0.9,2.8,3.8,0.8,0.4,0.3,0.7,1.5,6.4,0.484,0.52,0.328,0.767,0.544,0.515,F
266,Travis Leslie,2,47,0.1,2011-12,2011-12,21,10,0,0,4.5,0.5,1.4,0.5,1.4,0.0,0.0,0.4,0.9,0.6,0.3,0.9,0.5,0.2,0.2,0.2,0.4,1.4,0.357,0.357,,0.444,0.39,0.357,G
267,Meyers Leonard,1,11,15.8,2012-13,2022-23,20-30,456,95,0,15.9,2.1,4.4,1.4,2.5,0.7,1.9,0.6,0.7,0.7,3.2,3.9,0.9,0.2,0.3,0.7,2.2,5.6,0.482,0.55,0.39,0.812,0.589,0.565,C-F
268,Kawhi Leonard,1,15,90.4,2011-12,2022-23,20-31,628,599,5,31.5,7.1,14.3,5.5,10.3,1.5,4.0,4.0,4.6,1.2,5.2,6.4,3.0,1.7,0.6,1.6,1.7,19.6,0.495,0.537,0.387,0.859,0.603,0.549,F
269,Alex Len,1,5,21.9,2013-14,2022-23,20-29,596,237,0,18.3,2.8,5.6,2.7,5.1,0.2,0.6,1.5,2.2,1.8,3.9,5.7,0.8,0.4,0.9,1.2,2.5,7.4,0.507,0.527,0.327,0.683,0.561,0.524,C
270,Saben Lee,2,38,3.1,2020-21,2022-23,21-23,110,8,0,16.0,2.0,4.6,1.7,3.6,0.3,1.0,1.4,2.0,0.5,1.6,2.1,3.2,0.8,0.2,1.0,1.4,5.7,0.427,0.466,0.292,0.733,0.519,0.46,G
271,Malcolm Lee,2,43,0.4,2011-12,2014-15,21-24,36,12,0,14.8,1.4,3.8,1.2,2.8,0.3,0.9,0.7,1.0,0.7,1.1,1.8,1.4,0.6,0.3,0.8,1.4,3.9,0.382,0.412,0.294,0.703,0.46,0.419,G
272,Jake Layman,2,47,3.8,2016-17,2021-22,22-27,243,49,0,12.8,1.9,4.1,1.3,2.3,0.5,1.8,0.5,0.7,0.4,1.3,1.7,0.5,0.4,0.3,0.5,1.0,4.8,0.46,0.585,0.3,0.719,0.547,0.526,F
273,Gani Lawal,2,46,0.0,2010-11,2010-11,22,1,0,0,2.0,0.0,0.0,0.0,0.0,0.0,0.0,0.0,0.0,0.0,0.0,0.0,0.0,0.0,0.0,0.0,1.0,0.0,,,,,,,F
274,Zach LaVine,1,13,30.8,2014-15,2022-23,19-27,555,468,2,32.4,7.3,15.7,5.1,9.9,2.2,5.8,3.7,4.4,0.5,3.5,4.0,3.9,0.9,0.3,2.6,2.2,20.5,0.465,0.512,0.384,0.833,0.58,0.535,G-F
275,Shane Larkin,1,18,4.4,2013-14,2017-18,21-25,256,41,0,19.1,2.1,5.0,1.7,3.7,0.5,1.4,0.8,1.0,0.3,1.6,1.9,2.9,0.9,0.1,1.2,1.5,5.5,0.422,0.454,0.336,0.777,0.5,0.468,G
276,Romeo Langford,1,14,2.0,2019-20,2022-23,20-23,141,32,0,16.1,1.8,4.2,1.4,2.8,0.4,1.4,0.6,1.0,0.8,1.3,2.1,0.7,0.4,0.3,0.5,1.2,4.6,0.43,0.497,0.288,0.659,0.501,0.476,G
277,Jeremy Lamb,1,12,26.8,2012-13,2021-22,20-29,573,136,0,20.8,3.7,8.4,2.7,5.4,1.0,3.1,1.7,1.9,0.5,3.1,3.6,1.6,0.7,0.4,0.8,1.6,10.1,0.439,0.494,0.342,0.857,0.545,0.501,G-F
278,Doron Lamb,2,42,0.1,2012-13,2013-14,21-22,100,0,0,12.7,1.2,3.2,0.7,2.0,0.5,1.3,0.5,0.7,0.2,0.8,1.0,0.8,0.2,0.0,0.5,1.1,3.5,0.381,0.372,0.394,0.7,0.488,0.458,G
279,Kyle Kuzma,1,27,15.1,2017-18,2022-23,22-27,406,276,0,31.1,6.2,13.9,4.3,8.0,2.0,5.8,2.1,2.9,1.1,5.3,6.4,2.5,0.6,0.5,2.1,2.1,16.5,0.449,0.529,0.338,0.725,0.545,0.519,F
280,Christian Koloko,2,33,1.7,2022-23,2022-23,22,58,19,0,13.8,1.2,2.6,1.2,2.4,0.0,0.2,0.6,1.0,1.4,1.5,2.9,0.5,0.4,1.0,0.3,2.2,3.1,0.48,0.514,0.083,0.627,0.517,0.483,C
281,Kevin Knox,1,9,0.3,2018-19,2022-23,19-23,275,66,0,18.0,2.6,6.8,1.5,3.6,1.1,3.2,1.1,1.6,0.5,2.4,2.9,0.7,0.4,0.3,0.8,1.6,7.5,0.385,0.423,0.342,0.713,0.497,0.466,F
282,Brandon Knight,1,8,11.6,2011-12,2021-22,20-30,451,349,0,29.3,5.0,12.2,3.4,7.7,1.6,4.5,2.4,2.9,0.5,2.5,3.1,3.9,0.9,0.2,2.4,2.0,14.0,0.411,0.445,0.352,0.807,0.518,0.476,G
283,Corey Kispert,1,15,6.1,2021-22,2022-23,22-23,151,81,0,25.8,3.5,7.3,1.7,2.6,1.8,4.7,0.9,1.0,0.6,2.2,2.8,1.1,0.4,0.2,0.7,1.3,9.6,0.478,0.633,0.391,0.86,0.624,0.603,G-F
284,George King,2,59,-0.1,2018-19,2021-22,25-28,5,0,0,5.0,0.0,1.0,0.0,0.2,0.0,0.8,0.2,0.4,0.0,1.2,1.2,0.0,0.0,0.0,0.2,0.8,0.2,0.0,0.0,0.0,0.5,0.085,0.0,G-F
285,Michael Kidd-Gilchrist,1,2,21.0,2012-13,2019-20,19-26,446,356,0,24.6,3.3,6.9,3.2,6.7,0.1,0.2,1.8,2.5,1.6,3.8,5.4,1.2,0.7,0.7,0.9,2.1,8.4,0.474,0.481,0.272,0.715,0.524,0.478,F
286,Walker Kessler,1,22,7.1,2022-23,2022-23,21,74,40,0,23.0,4.0,5.6,4.0,5.6,0.0,0.0,1.1,2.1,3.1,5.3,8.4,0.9,0.4,2.3,0.8,2.3,9.2,0.72,0.723,0.333,0.516,0.702,0.721,C
287,Luke Kennard,1,12,17.6,2017-18,2022-23,21-26,356,88,0,23.3,3.5,7.8,1.6,3.4,1.9,4.4,0.9,1.0,0.3,2.6,2.8,1.9,0.5,0.1,0.9,1.5,9.9,0.455,0.479,0.437,0.877,0.601,0.579,G
288,Ryan Kelly,2,48,3.0,2013-14,2016-17,22-25,163,59,0,19.2,2.0,5.3,1.4,3.3,0.6,2.0,1.4,1.8,0.5,2.6,3.1,1.3,0.5,0.5,0.7,1.9,6.0,0.378,0.416,0.316,0.797,0.498,0.438,F
289,Trevor Keels,2,42,0.0,2022-23,2022-23,19,3,0,0,2.7,0.3,1.3,0.0,0.0,0.3,1.3,0.0,0.0,0.0,0.7,0.7,0.0,0.0,0.0,0.0,0.0,1.0,0.25,,0.25,,0.375,0.375,G
290,Frank Kaminsky,1,9,15.9,2015-16,2022-23,22-29,413,49,0,19.8,3.2,7.3,2.1,4.4,1.0,3.0,1.4,1.9,0.7,3.1,3.8,1.6,0.4,0.4,0.8,1.5,8.8,0.43,0.486,0.349,0.746,0.537,0.501,F-C
291,Mfiondu Kabengele,1,27,0.4,2019-20,2022-23,22-25,55,0,0,6.9,0.9,2.3,0.5,1.0,0.4,1.3,0.4,0.5,0.3,1.1,1.5,0.3,0.2,0.3,0.3,0.9,2.6,0.383,0.491,0.301,0.852,0.511,0.469,F
292,Kris Joseph,2,51,-0.1,2012-13,2012-13,24,10,0,0,5.4,0.2,1.4,0.2,1.1,0.0,0.3,0.5,0.8,0.1,0.6,0.7,0.1,0.3,0.0,0.2,0.3,0.9,0.143,0.182,0.0,0.625,0.257,0.143,F
293,Cory Joseph,1,29,30.5,2011-12,2022-23,20-31,790,175,0,22.0,2.7,6.1,2.1,4.4,0.6,1.7,1.0,1.3,0.5,2.0,2.5,3.0,0.8,0.2,1.0,1.6,7.1,0.442,0.478,0.35,0.787,0.527,0.491,G
294,Jerome Jordan,2,44,1.7,2011-12,2014-15,25-28,65,0,0,7.6,1.0,2.0,1.0,2.0,0.0,0.0,0.7,0.8,1.0,1.0,2.0,0.3,0.1,0.3,0.4,1.1,2.8,0.528,0.528,,0.852,0.597,0.528,C
295,Tyus Jones,1,24,25.0,2015-16,2022-23,19-26,535,94,0,19.3,2.6,6.0,1.8,3.8,0.8,2.2,0.8,0.9,0.2,1.6,1.9,3.9,1.0,0.1,0.7,0.8,6.8,0.436,0.481,0.357,0.814,0.528,0.501,G
296,Tre Jones,2,41,6.7,2020-21,2022-23,21-23,174,77,0,19.5,3.1,6.7,2.8,5.4,0.3,1.2,1.4,1.6,0.5,1.9,2.4,4.1,0.8,0.1,1.0,1.1,7.9,0.469,0.514,0.271,0.837,0.538,0.494,G
297,Terrence Jones,1,18,14.7,2012-13,2018-19,21-27,234,118,0,23.8,4.2,8.4,3.8,7.1,0.4,1.3,1.6,2.5,1.7,4.0,5.7,1.0,0.6,1.2,0.9,1.7,10.4,0.501,0.539,0.297,0.621,0.545,0.524,F
298,Perry Jones,1,28,1.7,2012-13,2014-15,21-23,143,21,0,11.7,1.4,3.2,1.1,2.4,0.3,0.9,0.4,0.7,0.3,1.4,1.8,0.4,0.3,0.2,0.4,0.9,3.4,0.42,0.466,0.293,0.66,0.483,0.459,F
299,Kai Jones,1,19,0.7,2021-22,2022-23,21-22,67,0,0,9.1,1.1,2.0,1.1,1.7,0.1,0.3,0.3,0.5,0.6,1.4,2.0,0.3,0.3,0.5,0.6,1.1,2.7,0.567,0.628,0.238,0.647,0.601,0.586,F-C
300,Dominique Jones,1,25,0.3,2010-11,2012-13,22-24,80,4,0,9.3,1.0,2.8,1.0,2.6,0.0,0.3,1.0,1.3,0.4,1.0,1.4,1.8,0.4,0.1,1.0,0.8,3.1,0.366,0.393,0.095,0.729,0.449,0.37,G
301,Damian Jones,1,30,10.4,2016-17,2022-23,21-27,240,75,0,14.6,2.1,3.1,2.0,2.9,0.1,0.3,1.0,1.5,1.1,2.2,3.4,0.7,0.4,0.7,0.7,2.1,5.2,0.662,0.686,0.383,0.706,0.699,0.677,F-C
302,Darius Johnson-Odom,2,55,-0.3,2012-13,2013-14,23-24,7,0,0,3.0,0.0,1.6,0.0,1.0,0.0,0.6,0.0,0.3,0.1,0.7,0.9,0.3,0.1,0.0,0.3,0.4,0.0,0.0,0.0,0.0,0.0,0.0,0.0,G
303,Stanley Johnson,1,8,6.9,2015-16,2022-23,19-26,449,104,0,19.8,2.3,5.9,1.5,3.4,0.8,2.5,0.9,1.2,0.6,2.6,3.1,1.5,0.9,0.2,1.1,1.9,6.2,0.391,0.454,0.305,0.748,0.489,0.456,F
304,Orlando Johnson,2,36,1.4,2012-13,2015-16,23-26,103,1,0,10.8,1.1,3.2,0.7,1.7,0.5,1.5,0.5,0.6,0.3,1.4,1.7,0.7,0.2,0.1,0.5,0.8,3.2,0.358,0.398,0.311,0.727,0.462,0.43,G
305,Nick Johnson,2,42,-0.1,2014-15,2014-15,22,28,0,0,9.4,0.9,2.7,0.8,1.9,0.2,0.8,0.6,0.9,0.5,0.9,1.4,0.4,0.3,0.1,0.7,1.2,2.6,0.347,0.389,0.238,0.68,0.43,0.38,G
306,Keon Johnson,1,21,-0.9,2021-22,2022-23,19-20,77,12,0,14.5,2.1,5.8,1.3,3.5,0.8,2.4,0.9,1.2,0.5,1.2,1.6,1.8,0.6,0.2,1.2,1.5,5.9,0.362,0.375,0.343,0.739,0.465,0.431,G
307,Keldon Johnson,1,29,10.5,2019-20,2022-23,20-23,224,205,0,30.0,6.1,13.0,4.5,8.5,1.6,4.5,2.7,3.6,1.1,4.5,5.6,2.1,0.7,0.2,1.4,2.0,16.5,0.468,0.523,0.363,0.752,0.565,0.531,G
308,Jalen Johnson,1,20,2.2,2021-22,2022-23,20-21,92,6,0,12.6,2.0,3.9,1.6,2.7,0.4,1.3,0.6,0.9,0.6,2.8,3.3,0.9,0.4,0.4,0.5,1.3,4.9,0.496,0.598,0.282,0.635,0.558,0.541,F
309,JaJuan Johnson,1,27,0.2,2011-12,2011-12,22,36,0,0,8.3,1.5,3.4,1.5,3.4,0.0,0.0,0.2,0.3,0.6,1.1,1.6,0.2,0.1,0.4,0.4,0.7,3.2,0.446,0.446,,0.667,0.456,0.446,F
310,David Johnson,2,47,0.0,2021-22,2021-22,20,2,0,0,1.0,0.0,0.5,0.0,0.0,0.0,0.5,0.0,0.0,0.0,0.0,0.0,0.0,0.0,0.0,0.0,0.0,0.0,0.0,,0.0,,0.0,0.0,G
311,Dakari Johnson,2,48,0.6,2017-18,2017-18,22,31,6,0,5.2,0.7,1.3,0.7,1.3,0.0,0.0,0.4,0.6,0.5,0.6,1.1,0.3,0.2,0.3,0.1,0.9,1.8,0.564,0.564,,0.55,0.575,0.564,C
312,Cameron Johnson,1,11,14.4,2019-20,2022-23,23-26,225,77,0,25.0,3.9,8.8,1.7,3.2,2.2,5.6,1.3,1.6,0.7,3.0,3.8,1.5,0.8,0.3,0.7,1.6,11.3,0.447,0.543,0.393,0.843,0.6,0.572,F
313,Brice Johnson,1,25,0.1,2016-17,2017-18,22-23,21,0,0,5.1,1.0,2.3,1.0,2.3,0.0,0.0,0.1,0.2,0.5,1.1,1.6,0.1,0.5,0.3,0.3,0.6,2.2,0.449,0.458,0.0,0.6,0.459,0.449,F
314,Armon Johnson,2,34,-0.1,2010-11,2011-12,21-22,47,0,0,8.5,1.4,3.1,1.3,2.7,0.1,0.3,0.4,0.6,0.3,0.8,1.0,1.2,0.2,0.0,0.9,0.9,3.3,0.458,0.465,0.4,0.679,0.502,0.479,G
315,Alize Johnson,2,50,1.3,2018-19,2022-23,22-26,76,1,0,7.5,1.0,2.1,0.9,1.8,0.1,0.3,0.4,0.6,1.0,2.0,3.0,0.4,0.2,0.1,0.4,0.7,2.5,0.481,0.522,0.227,0.711,0.531,0.497,F
316,Isaiah Joe,2,49,4.9,2020-21,2022-23,21-23,169,12,0,14.1,2.0,4.8,0.5,1.1,1.4,3.8,0.8,0.9,0.2,1.3,1.6,0.8,0.4,0.1,0.4,1.1,6.2,0.408,0.486,0.386,0.832,0.588,0.558,G
317,Grant Jerrett,2,40,-0.1,2014-15,2014-15,21,8,0,0,6.4,0.9,3.3,0.8,1.4,0.1,1.9,0.1,0.1,0.3,0.9,1.1,0.4,0.3,0.3,0.4,1.4,2.0,0.269,0.545,0.067,1.0,0.303,0.288,F
318,Ty Jerome,1,24,3.9,2019-20,2022-23,22-25,157,7,0,17.4,2.6,6.2,1.5,3.0,1.1,3.1,0.7,0.9,0.3,1.6,1.9,2.6,0.6,0.1,0.8,1.4,7.0,0.421,0.492,0.352,0.826,0.536,0.51,G
319,John Jenkins,1,23,3.0,2012-13,2018-19,21-27,171,8,0,12.8,1.8,4.1,1.1,2.3,0.7,1.9,0.7,0.8,0.2,1.3,1.5,0.8,0.2,0.1,0.6,0.6,5.0,0.441,0.503,0.367,0.847,0.559,0.524,G
320,Charles Jenkins,2,44,0.5,2011-12,2012-13,22-23,110,29,0,12.1,1.6,3.7,1.6,3.5,0.0,0.2,0.4,0.6,0.1,0.8,0.9,1.9,0.4,0.1,0.7,1.0,3.7,0.434,0.449,0.182,0.754,0.465,0.439,G
321,Cory Jefferson,2,60,0.9,2014-15,2015-16,24-25,58,1,0,10.0,1.4,3.3,1.4,3.0,0.0,0.3,0.6,1.0,0.9,1.9,2.8,0.3,0.2,0.4,0.3,1.2,3.5,0.444,0.474,0.125,0.583,0.476,0.45,F
322,Justin James,2,40,0.3,2019-20,2020-21,23-24,72,0,0,7.5,1.2,2.7,0.9,1.8,0.3,0.9,0.4,0.8,0.2,0.7,0.9,0.6,0.2,0.2,0.3,0.6,3.2,0.446,0.5,0.343,0.544,0.518,0.505,G
323,Damion James,1,24,0.0,2010-11,2013-14,23-26,39,17,0,16.0,1.6,3.8,1.6,3.6,0.0,0.2,0.7,1.1,0.6,2.7,3.4,0.7,0.6,0.5,1.0,1.4,3.8,0.415,0.433,0.0,0.667,0.453,0.415,G-F
324,Bernard James,2,33,1.9,2012-13,2014-15,27-29,92,13,0,8.3,0.8,1.7,0.8,1.6,0.0,0.0,0.6,0.8,0.9,1.4,2.3,0.1,0.2,0.7,0.4,1.1,2.2,0.497,0.507,0.0,0.68,0.546,0.497,C
325,Reggie Jackson,1,24,34.1,2011-12,2022-23,21-32,771,506,0,25.5,4.8,11.3,3.4,7.4,1.4,3.9,1.9,2.2,0.5,2.4,2.9,4.2,0.7,0.1,1.9,1.9,12.8,0.423,0.465,0.344,0.857,0.522,0.483,G
326,Pierre Jackson,2,42,0.0,2016-17,2016-17,25,8,1,0,10.5,1.6,4.9,1.3,3.5,0.4,1.4,0.8,0.9,0.1,1.0,1.1,2.4,0.3,0.0,0.4,0.6,4.4,0.333,0.357,0.273,0.857,0.416,0.372,G
327,Justin Jackson,1,15,5.3,2017-18,2022-23,22-27,278,61,0,17.6,2.3,5.4,1.4,2.8,0.8,2.7,0.6,0.7,0.4,1.9,2.4,1.0,0.3,0.2,0.4,1.0,6.0,0.423,0.523,0.319,0.796,0.524,0.501,G-F
328,Justin Jackson,2,43,5.3,2017-18,2022-23,22-27,278,61,0,17.6,2.3,5.4,1.4,2.8,0.8,2.7,0.6,0.7,0.4,1.9,2.4,1.0,0.3,0.2,0.4,1.0,6.0,0.423,0.523,0.319,0.796,0.524,0.501,G-F
329,Josh Jackson,1,4,-1.7,2017-18,2021-22,20-24,291,92,0,23.1,4.2,10.1,3.3,7.0,0.9,3.1,2.0,2.9,0.9,3.1,4.0,1.8,0.9,0.6,1.8,2.5,11.3,0.416,0.471,0.292,0.68,0.495,0.461,F-G
330,Jaren Jackson Jr.,1,4,19.4,2018-19,2022-23,19-23,267,258,1,27.4,5.8,12.5,4.2,7.8,1.7,4.7,3.2,4.0,1.4,4.1,5.5,1.1,0.9,2.1,1.7,3.7,16.4,0.466,0.535,0.352,0.79,0.578,0.532,F
331,Isaiah Jackson,1,22,4.1,2021-22,2022-23,20-21,99,27,0,16.0,3.0,5.3,2.9,5.0,0.1,0.3,1.6,2.4,1.7,2.6,4.4,0.6,0.6,1.5,0.9,2.5,7.6,0.563,0.583,0.233,0.662,0.6,0.57,C-F
332,Frank Jackson,2,31,2.5,2018-19,2022-23,20-24,214,31,0,18.1,3.1,7.3,1.9,3.8,1.2,3.5,1.2,1.5,0.4,1.4,1.8,1.0,0.4,0.1,0.8,1.5,8.5,0.421,0.502,0.332,0.786,0.534,0.501,G
333,Demetrius Jackson,2,45,0.2,2016-17,2018-19,22-24,26,0,0,5.2,0.7,1.4,0.5,0.9,0.2,0.5,0.3,0.5,0.3,0.4,0.7,0.7,0.3,0.0,0.4,0.4,1.8,0.486,0.609,0.286,0.667,0.568,0.541,G
334,Jaden Ivey,1,5,0.0,2022-23,2022-23,20,74,73,0,31.1,5.5,13.3,3.9,8.6,1.6,4.7,3.6,4.8,1.0,2.9,3.9,5.2,0.8,0.2,3.2,3.3,16.3,0.416,0.457,0.343,0.747,0.528,0.477,G
335,Jonathan Isaac,1,6,7.0,2017-18,2022-23,20-25,147,106,0,24.7,3.4,7.8,2.4,4.9,1.0,2.9,1.3,1.7,1.3,4.1,5.3,1.0,1.1,1.4,1.1,1.9,9.0,0.434,0.493,0.333,0.789,0.53,0.495,F
336,Kyrie Irving,1,1,79.3,2011-12,2022-23,19-30,671,671,8,34.3,8.6,18.2,6.3,12.3,2.3,5.9,3.9,4.4,0.8,3.1,3.9,5.7,1.3,0.4,2.6,2.3,23.4,0.472,0.511,0.391,0.885,0.581,0.536,G
337,Brandon Ingram,1,2,22.1,2016-17,2022-23,19-25,413,374,1,33.0,7.0,15.0,5.6,11.3,1.4,3.7,3.9,5.0,0.7,4.5,5.2,4.1,0.7,0.6,2.5,2.4,19.2,0.464,0.497,0.364,0.784,0.558,0.509,F
338,Chandler Hutchison,1,22,1.1,2018-19,2021-22,22-25,103,25,0,17.4,2.1,4.7,1.8,3.7,0.3,1.1,0.9,1.4,0.5,3.1,3.7,0.8,0.6,0.2,0.7,1.4,5.4,0.442,0.48,0.309,0.643,0.506,0.476,G
339,R.J. Hunter,1,28,0.4,2015-16,2018-19,22-25,45,1,0,8.8,1.1,2.9,0.5,1.0,0.6,2.0,0.2,0.2,0.1,1.0,1.0,0.4,0.4,0.1,0.3,0.9,3.0,0.371,0.523,0.295,0.818,0.486,0.47,G
340,De'Andre Hunter,1,4,5.4,2019-20,2022-23,22-25,206,200,0,31.1,5.0,11.3,3.5,7.0,1.5,4.3,2.3,2.9,0.6,3.5,4.2,1.5,0.7,0.3,1.4,2.9,13.9,0.444,0.497,0.356,0.799,0.552,0.511,F
341,Robbie Hummel,2,58,1.9,2013-14,2014-15,24-25,98,9,0,14.3,1.5,3.6,1.0,2.1,0.5,1.4,0.4,0.5,0.7,2.0,2.7,0.5,0.3,0.1,0.3,1.5,3.9,0.418,0.469,0.343,0.867,0.514,0.487,F
342,Elijah Hughes,2,39,-0.4,2020-21,2021-22,22-23,54,4,0,9.2,1.1,3.2,0.4,1.0,0.6,2.2,0.2,0.2,0.1,1.1,1.2,0.5,0.3,0.2,0.4,0.7,2.9,0.328,0.429,0.28,0.769,0.437,0.422,F
343,Josh Huestis,1,29,0.7,2015-16,2017-18,24-26,76,10,0,14.1,0.9,2.7,0.4,1.1,0.5,1.6,0.1,0.3,0.6,1.7,2.4,0.3,0.2,0.6,0.4,1.1,2.5,0.346,0.4,0.312,0.24,0.433,0.441,F
344,Kevin Huerter,1,19,14.3,2018-19,2022-23,20-24,349,291,0,29.6,4.6,10.4,2.4,4.7,2.2,5.7,0.8,1.1,0.6,2.9,3.5,3.1,1.0,0.3,1.3,2.4,12.2,0.444,0.515,0.385,0.766,0.563,0.55,G
345,Caleb Houstan,2,32,0.7,2022-23,2022-23,20,51,4,0,15.9,1.3,3.6,0.4,0.9,0.9,2.7,0.3,0.4,0.7,1.3,1.9,0.6,0.2,0.1,0.4,1.2,3.8,0.363,0.435,0.338,0.833,0.508,0.489,G-F
346,Talen Horton-Tucker,2,46,4.1,2019-20,2022-23,19-22,196,44,0,21.5,3.7,8.5,2.9,5.8,0.8,2.7,1.7,2.2,0.5,2.4,3.0,3.0,0.9,0.4,1.6,2.0,9.8,0.431,0.5,0.28,0.77,0.515,0.475,G-F
347,Rodney Hood,1,23,17.4,2014-15,2021-22,22-29,448,253,0,24.5,3.8,9.0,2.3,5.0,1.4,4.0,1.4,1.7,0.4,2.2,2.6,1.6,0.7,0.2,1.0,1.9,10.4,0.42,0.462,0.366,0.841,0.535,0.5,G-F
348,Tyler Honeycutt,2,35,-0.1,2011-12,2012-13,21-22,24,0,0,5.0,0.5,1.5,0.4,1.3,0.0,0.2,0.2,0.3,0.3,0.8,1.0,0.4,0.2,0.2,0.3,0.2,1.2,0.314,0.333,0.2,0.714,0.368,0.329,F
349,Richaun Holmes,2,37,27.4,2015-16,2022-23,22-29,418,161,0,19.8,3.7,6.1,3.6,5.7,0.1,0.4,1.4,1.9,1.7,3.7,5.4,1.0,0.5,1.0,0.9,2.6,8.9,0.606,0.63,0.273,0.747,0.643,0.615,C-F
350,Rondae Hollis-Jefferson,1,23,12.9,2015-16,2020-21,21-26,305,154,0,22.2,3.3,7.3,3.1,6.7,0.1,0.7,2.3,3.2,1.4,4.1,5.5,1.9,0.9,0.5,1.3,2.0,9.0,0.449,0.473,0.212,0.735,0.518,0.458,F
351,Aaron Holiday,1,23,5.6,2018-19,2022-23,22-26,308,62,0,17.2,2.4,5.9,1.6,3.6,0.9,2.3,0.9,1.0,0.3,1.4,1.6,2.2,0.7,0.2,1.0,1.5,6.6,0.413,0.436,0.377,0.841,0.521,0.488,G
352,Darington Hobson,2,37,-0.2,2011-12,2011-12,24,5,0,0,7.8,0.4,2.6,0.4,1.4,0.0,1.2,0.0,0.0,0.0,0.6,0.6,1.2,0.0,0.0,0.4,0.2,0.8,0.154,0.286,0.0,,0.154,0.154,G
353,Darrun Hilliard,2,38,0.3,2015-16,2017-18,22-24,91,3,0,9.4,1.1,3.0,0.8,1.9,0.3,1.1,0.6,0.8,0.1,0.9,0.9,0.8,0.2,0.0,0.6,0.8,3.2,0.377,0.42,0.304,0.747,0.477,0.433,G
354,Solomon Hill,1,23,11.9,2013-14,2021-22,22-30,448,189,0,21.5,1.9,4.9,1.1,2.4,0.8,2.4,0.9,1.1,0.6,2.5,3.1,1.5,0.7,0.2,0.8,1.7,5.5,0.388,0.445,0.331,0.797,0.511,0.471,F
355,Buddy Hield,1,6,21.4,2016-17,2022-23,24-30,548,369,0,29.5,5.8,13.4,2.7,5.7,3.1,7.7,1.3,1.5,0.8,3.6,4.4,2.6,0.9,0.3,1.8,2.1,16.1,0.434,0.477,0.402,0.858,0.57,0.55,G-F
356,Kevin Hervey,2,57,-0.1,2019-20,2019-20,23,10,0,0,5.2,0.7,2.7,0.4,0.7,0.3,2.0,0.0,0.0,0.1,1.1,1.2,0.5,0.1,0.1,0.0,0.4,1.7,0.259,0.571,0.15,,0.315,0.315,F
357,Tyler Herro,1,13,10.5,2019-20,2022-23,20-23,242,100,0,31.5,6.5,14.7,4.0,8.2,2.5,6.5,2.2,2.6,0.4,4.5,4.9,3.5,0.7,0.2,2.1,1.4,17.7,0.439,0.484,0.383,0.875,0.557,0.524,G
358,Dewan Hernandez,2,59,0.0,2019-20,2019-20,23,6,0,0,4.7,0.8,2.3,0.7,2.0,0.2,0.3,0.5,0.8,0.8,1.5,2.3,0.5,0.2,0.0,0.5,1.0,2.3,0.357,0.333,0.5,0.6,0.432,0.393,F
359,John Henson,1,14,20.7,2012-13,2019-20,22-29,445,160,0,19.7,3.2,6.0,3.2,5.8,0.0,0.2,1.1,1.9,1.8,3.5,5.3,1.1,0.5,1.4,1.1,2.2,7.6,0.54,0.549,0.25,0.568,0.557,0.544,C-F
360,Xavier Henry,1,12,0.8,2010-11,2014-15,19-23,185,23,0,15.7,2.0,4.9,1.8,4.2,0.2,0.7,1.5,2.3,0.4,1.5,1.9,0.6,0.5,0.1,0.8,1.4,5.7,0.406,0.419,0.325,0.635,0.479,0.428,G
361,Lazar Hayward,1,30,0.2,2010-11,2012-13,24-26,72,0,0,8.2,1.0,2.8,0.7,1.7,0.3,1.1,0.6,0.8,0.3,0.9,1.3,0.5,0.2,0.1,0.4,0.9,2.9,0.347,0.395,0.269,0.767,0.453,0.399,F
362,Gordon Hayward,1,9,61.9,2010-11,2022-23,20-32,784,621,1,31.1,5.4,11.9,4.0,8.2,1.4,3.7,3.4,4.1,0.8,3.7,4.5,3.5,1.0,0.4,2.0,1.7,15.5,0.455,0.494,0.369,0.825,0.568,0.512,F-G
363,Jaxson Hayes,1,8,14.0,2019-20,2022-23,19-22,241,47,0,16.8,2.8,4.5,2.7,4.1,0.1,0.4,1.7,2.4,1.4,2.6,4.0,0.7,0.4,0.7,0.7,2.0,7.5,0.622,0.657,0.288,0.719,0.67,0.636,F
364,Josh Hart,1,30,21.8,2017-18,2022-23,22-27,372,170,0,28.3,3.5,7.5,2.2,3.8,1.3,3.8,1.5,2.1,1.1,5.1,6.2,2.4,1.0,0.3,1.2,2.3,9.8,0.465,0.578,0.35,0.741,0.583,0.552,G
365,Andrew Harrison,2,44,3.2,2016-17,2018-19,22-24,145,64,0,20.6,2.2,5.8,1.5,3.6,0.7,2.2,2.0,2.6,0.4,1.6,2.0,2.8,0.7,0.3,1.2,2.5,7.0,0.373,0.422,0.294,0.779,0.503,0.429,G
366,Tobias Harris,1,19,64.2,2011-12,2022-23,19-30,827,707,0,31.5,6.2,13.0,4.8,9.3,1.4,3.7,2.4,2.9,1.0,5.1,6.1,2.3,0.8,0.5,1.4,2.0,16.2,0.478,0.521,0.369,0.831,0.568,0.53,F
367,Jalen Harris,2,59,0.3,2020-21,2020-21,22,13,2,0,13.2,2.8,5.5,1.5,2.8,1.3,2.8,0.5,0.7,0.2,1.2,1.4,1.3,0.6,0.0,1.1,1.2,7.4,0.5,0.528,0.472,0.778,0.632,0.618,G
368,Gary Harris,1,19,23.1,2014-15,2022-23,20-28,516,416,0,28.4,4.2,9.5,2.7,5.3,1.5,4.2,1.4,1.8,0.6,1.9,2.4,2.0,1.1,0.2,1.1,1.8,11.5,0.448,0.51,0.37,0.815,0.56,0.53,G
369,Joe Harris,2,33,23.1,2014-15,2022-23,23-31,488,283,0,24.9,3.8,8.0,1.8,3.3,2.1,4.8,0.8,1.0,0.5,2.6,3.1,1.6,0.5,0.2,1.1,2.0,10.5,0.48,0.543,0.437,0.772,0.624,0.61,G
370,Josh Harrellson,2,45,2.1,2011-12,2013-14,22-24,75,4,0,11.8,1.4,3.2,1.0,1.9,0.4,1.3,0.3,0.5,1.1,2.0,3.0,0.3,0.4,0.5,0.4,1.3,3.5,0.438,0.497,0.347,0.629,0.519,0.506,C
371,Montrezl Harrell,2,32,42.9,2015-16,2022-23,22-29,515,36,0,20.5,4.9,7.9,4.8,7.7,0.0,0.2,2.3,3.5,1.8,3.2,5.0,1.3,0.5,0.8,1.1,2.1,12.1,0.619,0.629,0.108,0.664,0.642,0.62,F-C
372,Justin Harper,2,32,-0.3,2011-12,2016-17,22-27,22,0,0,6.8,0.8,2.4,0.5,1.1,0.4,1.3,0.0,0.1,0.2,0.6,0.8,0.2,0.1,0.1,0.5,0.5,2.0,0.34,0.417,0.276,0.333,0.414,0.415,F
373,Maurice Harkless,1,15,23.0,2012-13,2021-22,19-28,621,371,0,22.6,2.7,5.7,2.1,3.8,0.6,1.9,0.8,1.3,1.1,2.5,3.5,0.9,0.9,0.6,0.8,2.0,6.9,0.474,0.551,0.32,0.624,0.544,0.528,F-G
374,Tim Hardaway Jr.,1,24,28.1,2013-14,2022-23,21-30,657,333,0,27.4,4.9,11.6,2.6,5.4,2.2,6.2,2.0,2.5,0.3,2.6,2.9,1.9,0.6,0.1,1.0,1.7,14.0,0.42,0.487,0.361,0.808,0.551,0.516,G
375,Luke Harangody,2,52,0.9,2010-11,2011-12,23-24,70,1,0,12.4,1.5,3.9,1.2,2.6,0.3,1.2,0.4,0.5,0.9,1.9,2.8,0.5,0.3,0.3,0.3,1.4,3.6,0.376,0.44,0.241,0.737,0.44,0.415,F
376,A.J. Hammons,2,46,0.0,2016-17,2016-17,24,22,0,0,7.4,0.8,1.9,0.5,1.5,0.2,0.5,0.4,0.9,0.4,1.3,1.6,0.2,0.0,0.6,0.5,1.0,2.2,0.405,0.375,0.5,0.45,0.472,0.464,C
377,Justin Hamilton,2,45,3.7,2013-14,2016-17,23-26,113,21,0,17.4,2.4,5.1,1.8,3.2,0.6,1.9,0.7,0.9,1.2,2.4,3.6,0.8,0.5,0.6,0.6,1.5,6.1,0.464,0.56,0.309,0.798,0.552,0.523,C
378,Jordan Hamilton,1,26,3.0,2011-12,2015-16,21-25,151,21,0,13.9,2.3,5.6,1.4,3.0,0.9,2.5,0.5,0.7,0.6,2.3,2.8,0.8,0.5,0.2,0.7,1.0,5.9,0.408,0.451,0.357,0.67,0.503,0.489,G-F
379,Daniel Hamilton,2,56,0.0,2017-18,2018-19,22-23,25,3,0,9.3,1.1,2.8,0.7,1.7,0.4,1.1,0.1,0.2,0.4,1.7,2.1,1.2,0.3,0.0,0.7,0.8,2.8,0.394,0.419,0.357,0.5,0.468,0.465,G-F
380,Devon Hall,2,53,-0.2,2019-20,2019-20,24,11,0,0,7.4,0.5,2.7,0.2,1.2,0.4,1.5,0.4,0.7,0.2,0.5,0.6,1.2,0.4,0.1,0.5,0.5,1.8,0.2,0.154,0.235,0.5,0.298,0.267,G
381,Tyrese Haliburton,1,12,18.2,2020-21,2022-23,20-22,191,153,1,33.1,5.9,12.4,3.6,6.7,2.3,5.7,2.0,2.3,0.7,2.9,3.6,8.0,1.6,0.5,2.3,1.4,16.2,0.479,0.539,0.408,0.857,0.603,0.572,G
382,P.J. Hairston,1,26,0.9,2014-15,2015-16,22-23,111,54,0,18.0,2.1,6.1,1.0,2.5,1.1,3.6,0.7,0.9,0.4,2.0,2.4,0.5,0.5,0.2,0.6,1.8,6.0,0.343,0.414,0.295,0.81,0.46,0.431,G-F
383,Rui Hachimura,1,9,7.2,2019-20,2022-23,21-24,210,127,0,26.9,4.9,10.3,4.1,7.9,0.8,2.4,1.8,2.3,1.0,4.0,5.0,1.3,0.6,0.2,1.0,1.7,12.5,0.48,0.52,0.347,0.77,0.552,0.52,F
384,Kyle Guy,2,55,0.1,2019-20,2021-22,22-24,53,0,0,8.1,1.1,3.0,0.6,1.3,0.5,1.7,0.5,0.6,0.2,0.8,1.0,0.9,0.2,0.0,0.5,0.6,3.1,0.361,0.435,0.303,0.75,0.479,0.446,G
385,Quentin Grimes,1,25,6.2,2021-22,2022-23,21-22,117,72,0,24.8,3.2,7.2,1.3,2.1,2.0,5.1,0.8,1.0,0.6,2.1,2.8,1.7,0.7,0.3,0.8,2.1,9.2,0.45,0.614,0.384,0.778,0.604,0.587,G
386,AJ Griffin,1,16,2.2,2022-23,2022-23,19,72,12,0,19.5,3.4,7.4,2.0,3.8,1.4,3.6,0.6,0.7,0.5,1.6,2.1,1.0,0.6,0.2,0.6,1.2,8.9,0.465,0.536,0.39,0.894,0.577,0.56,F
387,Josh Green,1,18,5.5,2020-21,2022-23,20-22,166,29,0,18.2,2.3,4.4,1.7,2.8,0.6,1.6,0.7,1.0,0.8,1.7,2.5,1.3,0.6,0.1,0.8,1.8,5.8,0.516,0.603,0.368,0.691,0.602,0.584,G-F
388,Erick Green,2,46,0.1,2014-15,2015-16,23-24,52,1,0,8.7,1.3,3.4,1.0,2.4,0.3,1.0,0.2,0.3,0.2,0.5,0.7,0.8,0.3,0.0,0.3,0.6,3.1,0.377,0.415,0.288,0.857,0.439,0.42,G
389,Draymond Green,2,35,57.4,2012-13,2022-23,22-32,758,608,4,28.8,3.2,7.1,2.4,4.6,0.8,2.6,1.5,2.1,1.1,5.9,7.0,5.6,1.4,1.0,2.3,2.8,8.7,0.449,0.523,0.314,0.712,0.539,0.505,F
390,Jerian Grant,1,19,8.3,2015-16,2019-20,23-27,279,61,0,17.9,2.1,5.2,1.5,3.2,0.6,1.9,1.2,1.5,0.3,1.6,1.9,2.9,0.7,0.1,1.0,1.5,6.1,0.411,0.464,0.323,0.77,0.518,0.472,G
391,Jerami Grant,2,39,32.2,2014-15,2022-23,20-28,618,333,0,27.0,4.2,9.3,3.1,6.0,1.2,3.3,2.7,3.7,0.9,3.1,4.0,1.5,0.6,1.1,1.2,2.3,12.3,0.456,0.509,0.358,0.737,0.566,0.519,F
392,Devonte' Graham,2,34,12.6,2018-19,2022-23,23-27,313,171,0,25.7,3.7,9.9,1.3,3.2,2.4,6.7,1.8,2.3,0.4,1.9,2.3,4.5,0.8,0.2,1.4,1.3,11.6,0.372,0.405,0.356,0.812,0.531,0.492,G
393,Andrew Goudelock,2,46,0.0,2011-12,2015-16,23-27,49,0,0,9.7,1.6,4.0,1.0,2.3,0.6,1.7,0.3,0.3,0.1,0.6,0.7,0.5,0.2,0.0,0.6,0.7,4.0,0.393,0.429,0.345,0.875,0.485,0.467,G
394,Aaron Gordon,1,4,35.6,2014-15,2022-23,19-27,596,507,0,29.1,5.1,10.8,4.0,7.4,1.1,3.3,2.1,3.1,1.7,4.6,6.3,2.5,0.7,0.6,1.5,2.0,13.4,0.472,0.539,0.325,0.686,0.552,0.523,F
395,Archie Goodwin,1,29,1.1,2013-14,2016-17,19-22,165,15,0,14.5,2.2,5.2,2.0,4.0,0.3,1.2,1.6,2.3,0.5,1.5,2.0,1.2,0.4,0.2,1.2,1.2,6.3,0.429,0.484,0.236,0.7,0.51,0.455,G
396,Shai Gilgeous-Alexander,1,11,29.0,2018-19,2022-23,20-24,311,302,1,32.6,7.4,15.2,6.2,11.9,1.1,3.3,5.2,6.2,0.7,3.9,4.6,4.5,1.2,0.7,2.3,2.2,21.1,0.484,0.521,0.347,0.845,0.588,0.521,G
397,Harry Giles,1,20,3.0,2018-19,2020-21,20-22,142,17,0,12.9,2.5,4.9,2.5,4.7,0.1,0.2,0.8,1.2,1.0,2.8,3.8,1.2,0.4,0.4,1.0,2.3,5.9,0.511,0.523,0.258,0.671,0.541,0.517,F-C
398,Paul George,1,10,81.2,2010-11,2022-23,20-32,793,745,8,33.6,7.0,16.1,4.5,9.4,2.5,6.6,4.0,4.8,0.9,5.5,6.4,3.7,1.7,0.4,2.7,2.7,20.6,0.437,0.477,0.381,0.85,0.568,0.516,F-G
399,Michael Gbinije,2,49,-0.1,2016-17,2016-17,24,9,0,0,3.6,0.1,1.1,0.1,0.7,0.0,0.4,0.2,0.2,0.2,0.1,0.3,0.2,0.0,0.0,0.0,0.2,0.4,0.1,0.167,0.0,1.0,0.184,0.1,G
400,Luka Garza,2,52,1.8,2021-22,2022-23,23-24,60,5,0,10.5,2.2,4.4,1.7,2.9,0.5,1.5,1.3,1.9,1.5,1.2,2.7,0.6,0.2,0.1,0.5,1.6,6.1,0.49,0.566,0.341,0.699,0.587,0.548,F-C
401,Darius Garland,1,5,13.8,2019-20,2022-23,20-23,250,246,1,34.0,6.8,15.2,4.6,9.5,2.2,5.7,2.7,3.1,0.5,2.1,2.6,6.7,1.1,0.1,3.0,1.9,18.5,0.449,0.485,0.387,0.871,0.559,0.521,G
402,Daniel Gafford,2,38,17.4,2019-20,2022-23,21-24,247,118,0,18.0,3.3,4.7,3.3,4.7,0.0,0.0,1.4,2.1,1.9,2.9,4.8,0.8,0.4,1.3,0.9,2.2,8.0,0.706,0.706,0.0,0.665,0.714,0.706,C-F
403,Markelle Fultz,1,1,7.2,2017-18,2022-23,19-24,191,146,0,26.3,4.9,10.5,4.5,9.0,0.4,1.4,1.6,2.1,0.8,2.6,3.5,5.0,1.2,0.3,2.0,2.0,11.8,0.472,0.502,0.278,0.734,0.519,0.491,G
404,Jimmer Fredette,1,10,2.2,2011-12,2018-19,22-29,241,7,0,13.3,2.2,5.3,1.4,3.2,0.8,2.2,0.8,0.9,0.2,0.8,1.0,1.4,0.4,0.0,0.9,0.9,6.0,0.409,0.434,0.372,0.879,0.521,0.484,G
405,Melvin Frazier,2,35,-0.4,2018-19,2021-22,22-25,32,0,0,9.1,1.1,3.2,0.8,1.9,0.3,1.3,0.3,0.5,0.3,0.6,0.9,0.2,0.3,0.1,0.3,0.8,2.7,0.34,0.433,0.209,0.533,0.397,0.383,G
406,Jamaal Franklin,2,41,0.0,2013-14,2014-15,22-23,24,0,0,7.3,0.7,1.7,0.5,1.2,0.3,0.5,0.1,0.1,0.2,0.8,1.0,0.4,0.2,0.1,0.6,1.1,1.8,0.415,0.393,0.462,1.0,0.501,0.488,G
407,De'Aaron Fox,1,5,23.1,2017-18,2022-23,20-25,395,380,1,32.3,7.5,15.8,6.2,12.0,1.2,3.8,4.0,5.5,0.5,3.1,3.7,6.2,1.3,0.4,2.7,2.6,20.2,0.472,0.521,0.321,0.736,0.554,0.511,G
408,Malachi Flynn,1,29,2.3,2020-21,2022-23,22-24,144,21,0,15.0,2.0,5.3,1.1,2.6,0.9,2.7,0.6,0.8,0.2,1.5,1.8,1.9,0.5,0.1,0.6,1.2,5.5,0.374,0.414,0.335,0.752,0.484,0.459,G
409,Landry Fields,2,39,10.5,2010-11,2014-15,22-26,255,176,0,23.6,2.7,5.7,2.2,4.3,0.5,1.4,1.0,1.4,1.0,3.3,4.3,1.6,0.8,0.2,1.1,1.2,6.8,0.473,0.52,0.332,0.666,0.539,0.515,F
410,Bruno Fernando,2,34,2.1,2019-20,2022-23,21-24,158,17,0,9.5,1.4,2.6,1.3,2.3,0.0,0.3,0.6,0.9,1.0,2.0,3.0,0.6,0.2,0.4,0.6,1.4,3.4,0.527,0.575,0.133,0.639,0.56,0.534,F
411,Carrick Felix,2,33,0.0,2013-14,2013-14,23,7,0,0,5.4,1.0,2.0,0.7,1.3,0.3,0.7,0.4,0.6,0.1,0.7,0.9,0.6,0.0,0.0,0.6,0.6,2.7,0.5,0.556,0.4,0.75,0.603,0.571,G
412,Kay Felder,2,54,-0.4,2016-17,2017-18,21-22,58,0,0,9.1,1.4,3.9,1.2,3.2,0.2,0.7,0.8,1.1,0.1,0.9,1.0,1.3,0.4,0.1,0.8,0.8,3.8,0.364,0.385,0.268,0.754,0.438,0.388,G
413,Derrick Favors,1,3,60.2,2010-11,2021-22,19-30,790,503,0,24.3,4.3,8.1,4.3,7.9,0.0,0.2,1.9,2.8,2.4,4.7,7.1,1.1,0.7,1.2,1.3,2.5,10.6,0.534,0.544,0.198,0.663,0.566,0.537,F-C
414,Kenneth Faried,1,22,38.8,2011-12,2018-19,22-29,478,385,0,24.5,4.6,8.4,4.6,8.3,0.0,0.1,2.2,3.3,3.1,5.1,8.1,1.0,0.7,0.8,1.3,2.5,11.4,0.546,0.55,0.222,0.654,0.577,0.548,F-C
415,Festus Ezeli,1,30,5.9,2012-13,2015-16,23-26,170,61,0,14.1,1.6,3.2,1.6,3.2,0.0,0.0,1.0,1.7,1.7,2.5,4.3,0.4,0.3,1.0,0.8,1.9,4.2,0.513,0.513,,0.557,0.536,0.513,C
416,Jeremy Evans,2,55,8.2,2010-11,2017-18,23-30,250,9,0,10.5,1.5,2.6,1.4,2.5,0.0,0.1,0.6,0.8,1.0,1.6,2.6,0.4,0.4,0.5,0.3,1.2,3.5,0.569,0.583,0.231,0.687,0.6,0.573,F
417,Jawun Evans,2,39,-0.4,2017-18,2018-19,21-22,56,4,0,15.1,1.6,4.8,1.4,3.8,0.3,1.0,0.7,0.9,0.2,1.5,1.7,2.0,0.7,0.1,0.9,1.9,4.2,0.345,0.367,0.263,0.776,0.411,0.373,G
418,Jacob Evans,1,28,-0.6,2018-19,2019-20,21-22,59,2,0,10.5,1.1,3.2,0.8,2.3,0.3,0.9,0.4,0.5,0.3,0.9,1.1,0.9,0.3,0.3,0.6,1.2,2.8,0.337,0.346,0.315,0.833,0.42,0.382,G-F
419,Tyler Ennis,1,18,1.3,2014-15,2017-18,20-23,186,21,0,12.6,1.7,4.1,1.4,3.0,0.4,1.1,0.4,0.5,0.3,1.1,1.3,1.9,0.5,0.1,0.9,1.3,4.2,0.419,0.458,0.317,0.768,0.484,0.463,G
420,Kim English,2,44,0.2,2012-13,2012-13,24,41,0,0,9.9,1.0,2.7,0.7,1.5,0.3,1.2,0.5,0.7,0.2,0.7,0.9,0.6,0.4,0.1,0.5,1.1,2.9,0.375,0.452,0.28,0.724,0.477,0.438,G
421,Joel Embiid,1,3,56.0,2016-17,2022-23,22-28,394,394,6,31.8,9.0,17.9,7.8,14.5,1.2,3.4,8.1,9.9,2.2,8.9,11.2,3.4,0.9,1.7,3.4,3.1,27.2,0.501,0.54,0.337,0.819,0.611,0.533,C
422,Henry Ellenson,1,18,0.4,2016-17,2020-21,20-24,83,2,0,9.5,1.5,3.9,0.9,2.2,0.6,1.8,0.6,0.8,0.3,2.1,2.5,0.6,0.2,0.0,0.5,0.8,4.1,0.371,0.4,0.336,0.773,0.482,0.446,F
423,CJ Elleby,2,46,0.5,2020-21,2021-22,20-21,88,28,0,15.5,1.7,4.3,1.2,2.4,0.5,1.8,0.8,1.1,0.9,2.1,2.9,1.1,0.5,0.3,0.7,1.6,4.6,0.39,0.477,0.275,0.717,0.487,0.449,F
424,Vince Edwards,2,52,0.0,2018-19,2018-19,22,2,0,0,8.0,0.5,2.0,0.0,0.0,0.5,2.0,0.0,0.0,0.5,0.5,1.0,0.0,0.0,0.0,0.0,0.0,1.5,0.25,,0.25,,0.375,0.375,F
425,Kessler Edwards,2,44,1.0,2021-22,2022-23,21-22,84,27,0,16.3,1.7,4.3,1.0,2.0,0.8,2.3,0.3,0.4,0.8,2.0,2.8,0.6,0.5,0.4,0.7,1.5,4.6,0.406,0.479,0.34,0.794,0.512,0.496,F
426,Carsen Edwards,2,33,0.3,2019-20,2021-22,21-23,72,1,0,9.8,1.4,3.7,0.7,1.6,0.6,2.2,0.3,0.5,0.2,0.9,1.1,0.7,0.3,0.1,0.4,0.9,3.7,0.364,0.456,0.297,0.758,0.471,0.45,G
427,Anthony Edwards,1,1,8.9,2020-21,2022-23,19-21,223,206,1,34.2,7.9,17.9,5.2,10.3,2.7,7.6,3.4,4.4,0.8,4.3,5.1,3.7,1.4,0.6,2.7,2.1,21.8,0.441,0.506,0.352,0.77,0.55,0.516,G-F
428,Devin Ebanks,2,43,0.5,2010-11,2012-13,21-23,63,15,0,11.3,1.3,3.4,1.2,2.8,0.1,0.6,0.8,1.1,0.8,1.1,1.9,0.4,0.3,0.2,0.6,0.9,3.6,0.385,0.418,0.222,0.722,0.458,0.404,F
429,Tari Eason,1,17,2.6,2022-23,2022-23,21,82,5,0,21.5,3.6,8.0,2.9,6.0,0.7,2.1,1.3,1.8,2.4,3.7,6.0,1.1,1.2,0.6,1.2,2.3,9.3,0.448,0.486,0.343,0.752,0.525,0.493,F
430,Cleanthony Early,2,34,-0.6,2014-15,2015-16,23-24,56,9,0,14.3,1.6,4.5,1.1,2.8,0.5,1.8,0.7,0.9,0.5,1.7,2.2,0.8,0.5,0.3,0.9,1.3,4.3,0.346,0.4,0.263,0.75,0.435,0.398,F
431,Jalen Duren,1,13,4.5,2022-23,2022-23,19,67,31,0,24.9,3.9,5.9,3.9,5.9,0.0,0.0,1.4,2.3,3.4,5.5,8.9,1.1,0.7,0.9,1.4,2.7,9.1,0.648,0.652,0.0,0.611,0.655,0.648,C
432,Kris Dunn,1,5,5.8,2016-17,2022-23,22-28,267,132,0,24.2,3.5,8.1,2.9,6.3,0.5,1.7,1.0,1.4,0.4,3.0,3.4,4.3,1.5,0.4,1.8,2.9,8.6,0.432,0.465,0.313,0.744,0.492,0.466,G
433,Chris Duarte,1,13,0.9,2021-22,2022-23,24-25,101,51,0,24.1,3.9,9.4,2.4,5.2,1.5,4.2,1.5,1.8,0.6,2.8,3.4,1.8,0.8,0.2,1.3,1.6,10.7,0.41,0.461,0.347,0.821,0.523,0.488,G
434,Andre Drummond,1,9,70.5,2012-13,2022-23,19-29,785,630,2,28.2,5.5,10.2,5.5,10.1,0.0,0.1,2.1,4.3,4.3,8.4,12.7,1.3,1.3,1.4,1.9,3.0,13.2,0.542,0.548,0.128,0.475,0.542,0.543,C
435,Damyean Dotson,2,44,3.0,2017-18,2021-22,23-27,213,49,0,19.9,2.8,6.8,1.6,3.3,1.2,3.4,0.6,0.9,0.3,2.2,2.5,1.5,0.5,0.1,0.7,1.2,7.5,0.417,0.491,0.345,0.711,0.521,0.504,G
436,Ayo Dosunmu,2,38,6.0,2021-22,2022-23,22-23,157,91,0,26.8,3.6,7.0,2.7,4.6,0.8,2.4,0.8,1.0,0.5,2.3,2.8,2.9,0.8,0.4,1.3,2.3,8.7,0.506,0.589,0.344,0.744,0.581,0.564,G
437,Tyler Dorsey,2,41,1.1,2017-18,2022-23,21-26,107,16,0,15.7,2.4,6.1,1.3,3.0,1.1,3.1,0.8,1.2,0.4,1.9,2.3,1.3,0.3,0.1,0.6,1.1,6.6,0.392,0.434,0.351,0.669,0.503,0.482,G
438,Donte DiVincenzo,1,17,13.4,2018-19,2022-23,22-26,273,127,0,24.3,3.3,7.7,1.6,3.1,1.7,4.7,0.9,1.2,1.0,3.6,4.6,2.8,1.2,0.2,1.4,1.7,9.1,0.42,0.509,0.362,0.777,0.551,0.529,G
439,Spencer Dinwiddie,2,38,28.7,2014-15,2022-23,21-29,466,263,0,27.7,4.5,10.8,2.9,6.0,1.6,4.7,3.2,4.0,0.4,2.6,3.1,5.3,0.7,0.3,1.7,2.3,13.8,0.417,0.483,0.333,0.795,0.549,0.49,G
440,Gorgui Dieng,1,21,30.7,2013-14,2022-23,24-33,628,209,0,20.1,2.8,5.6,2.5,4.7,0.3,0.9,1.5,1.9,1.7,4.0,5.6,1.3,0.7,0.9,1.1,2.1,7.3,0.496,0.522,0.355,0.791,0.572,0.524,C
441,Hamidou Diallo,2,45,6.2,2018-19,2022-23,20-24,263,44,0,18.7,3.4,7.0,3.2,5.9,0.3,1.1,1.4,2.3,1.0,2.8,3.8,1.1,0.8,0.3,1.1,2.2,8.6,0.495,0.534,0.274,0.623,0.54,0.516,G
442,Cheick Diallo,2,33,6.3,2016-17,2021-22,20-25,183,3,0,11.9,2.2,3.7,2.2,3.6,0.0,0.0,0.8,1.1,1.0,3.2,4.1,0.4,0.3,0.4,0.6,1.5,5.2,0.596,0.599,0.286,0.774,0.63,0.597,F
443,Sam Dekker,1,18,5.4,2015-16,2021-22,21-27,201,8,0,15.4,2.2,4.7,1.8,3.2,0.4,1.5,0.5,0.8,1.0,2.1,3.0,0.8,0.5,0.2,0.5,1.0,5.4,0.478,0.57,0.288,0.606,0.537,0.525,F
444,Branden Dawson,2,56,0.0,2015-16,2015-16,22,6,0,0,4.8,0.3,0.8,0.3,0.8,0.0,0.0,0.2,0.2,0.3,0.3,0.7,0.0,0.0,0.2,0.0,0.3,0.8,0.4,0.4,,1.0,0.46,0.4,F
445,JD Davison,2,53,0.1,2022-23,2022-23,20,12,0,0,5.5,0.7,1.6,0.5,1.0,0.2,0.6,0.1,0.2,0.2,0.6,0.8,0.9,0.2,0.2,0.3,0.4,1.6,0.421,0.5,0.286,0.5,0.478,0.474,G
446,Johnny Davis,1,10,-0.3,2022-23,2022-23,20,28,5,0,15.1,2.4,6.1,1.8,3.6,0.6,2.5,0.5,1.0,0.4,2.0,2.3,1.0,0.4,0.3,0.6,1.7,5.8,0.386,0.485,0.243,0.519,0.446,0.436,G
447,Ed Davis,1,13,43.3,2010-11,2021-22,21-32,722,106,0,19.1,2.5,4.3,2.5,4.3,0.0,0.0,1.0,1.8,2.2,4.2,6.4,0.7,0.5,0.8,0.7,2.4,5.9,0.567,0.568,0.0,0.583,0.581,0.567,F
448,Deyonta Davis,2,31,3.6,2016-17,2018-19,20-22,107,6,0,12.1,1.9,3.1,1.9,3.1,0.0,0.0,0.5,0.8,1.0,2.3,3.2,0.4,0.2,0.6,0.4,1.7,4.2,0.599,0.601,0.0,0.635,0.611,0.599,C-F
449,Anthony Davis,1,1,100.3,2012-13,2022-23,19-29,660,653,8,34.4,9.0,17.3,8.5,15.7,0.5,1.6,5.6,7.1,2.6,7.8,10.4,2.4,1.3,2.3,2.0,2.4,24.0,0.519,0.541,0.3,0.793,0.589,0.533,F-C
450,Jared Cunningham,1,24,0.2,2012-13,2015-16,21-24,84,3,0,7.2,0.7,2.1,0.5,1.3,0.2,0.7,0.7,1.0,0.1,0.6,0.7,0.5,0.3,0.0,0.4,0.9,2.3,0.347,0.369,0.306,0.674,0.467,0.402,G
451,Cade Cunningham,1,1,-0.6,2021-22,2022-23,20-21,76,76,0,32.7,6.9,16.5,5.1,10.9,1.7,5.6,2.3,2.8,0.9,4.7,5.6,5.6,1.2,0.7,3.6,3.1,17.8,0.416,0.471,0.309,0.844,0.502,0.468,G
452,Jarrett Culver,1,6,-0.1,2019-20,2022-23,20-23,144,43,0,17.2,2.5,6.4,1.9,4.0,0.6,2.3,0.8,1.5,0.9,1.9,2.8,1.2,0.7,0.4,0.9,1.7,6.5,0.401,0.473,0.276,0.509,0.463,0.451,G
453,Jae Crowder,2,34,41.3,2012-13,2022-23,22-32,753,409,0,25.1,3.3,7.8,1.7,3.4,1.6,4.5,1.4,1.8,0.7,3.6,4.3,1.6,1.0,0.3,0.9,2.1,9.5,0.418,0.512,0.348,0.778,0.552,0.517,F
454,Jordan Crawford,1,27,6.3,2010-11,2017-18,22-29,281,99,0,24.4,4.6,11.1,3.4,7.4,1.2,3.7,1.9,2.3,0.5,2.0,2.5,3.1,0.7,0.1,1.9,1.6,12.2,0.411,0.458,0.317,0.826,0.503,0.464,G
455,Allen Crabbe,2,31,13.7,2013-14,2019-20,21-27,381,113,0,24.0,3.2,7.6,1.6,3.4,1.6,4.2,1.0,1.2,0.3,2.5,2.8,1.1,0.6,0.3,0.7,2.0,9.1,0.425,0.471,0.387,0.831,0.559,0.531,G-F
456,DeMarcus Cousins,1,5,46.8,2010-11,2021-22,20-31,654,561,4,29.8,7.0,15.2,6.3,13.2,0.7,2.0,5.0,6.7,2.6,7.6,10.2,3.0,1.3,1.1,3.3,3.7,19.6,0.46,0.479,0.331,0.737,0.539,0.481,C-F
457,Sharife Cooper,2,48,-0.2,2021-22,2021-22,20,13,0,0,3.0,0.2,1.1,0.2,0.6,0.1,0.5,0.0,0.0,0.0,0.4,0.4,0.4,0.0,0.0,0.4,0.1,0.5,0.214,0.25,0.167,,0.25,0.25,G
458,Pat Connaughton,2,41,20.6,2015-16,2022-23,23-30,478,68,0,19.2,2.2,5.2,1.1,1.8,1.2,3.3,0.4,0.6,0.7,2.8,3.5,1.3,0.5,0.3,0.5,1.2,6.1,0.436,0.576,0.359,0.777,0.567,0.552,G
459,Zach Collins,1,10,7.3,2017-18,2022-23,20-25,245,42,0,18.9,2.8,6.0,2.2,4.2,0.6,1.8,1.2,1.6,1.4,3.4,4.8,1.6,0.4,0.7,1.3,2.5,7.5,0.477,0.535,0.342,0.749,0.562,0.528,C-F
460,John Collins,1,19,32.3,2017-18,2022-23,20-25,364,313,0,29.2,6.2,11.3,5.3,8.6,1.0,2.7,2.5,3.2,2.2,5.8,8.0,1.5,0.6,1.0,1.4,3.1,15.8,0.551,0.611,0.356,0.783,0.626,0.593,F
461,Norris Cole,1,28,3.0,2011-12,2016-17,23-28,360,60,0,22.3,2.8,6.9,2.2,5.1,0.6,1.8,0.8,1.1,0.2,1.7,2.0,2.7,0.8,0.1,1.4,1.9,7.0,0.407,0.436,0.324,0.743,0.475,0.449,G
462,Jordan Clarkson,2,46,23.4,2014-15,2022-23,22-30,661,203,0,27.5,6.0,13.6,4.1,8.1,1.9,5.5,2.0,2.5,0.9,2.5,3.4,2.7,0.8,0.2,1.8,1.7,15.9,0.44,0.509,0.338,0.826,0.54,0.508,G
463,Brandon Clarke,1,21,19.9,2019-20,2022-23,23-26,237,29,0,21.3,4.5,7.5,4.3,6.8,0.2,0.7,1.5,2.1,1.8,3.8,5.6,1.4,0.7,0.9,0.7,1.8,10.7,0.604,0.637,0.29,0.705,0.638,0.618,F
464,Josh Christopher,1,24,0.3,2021-22,2022-23,20-21,138,4,0,15.4,2.7,6.0,2.2,4.0,0.6,2.0,0.9,1.3,0.5,1.3,1.9,1.6,0.7,0.2,1.3,1.1,6.9,0.455,0.544,0.277,0.74,0.53,0.501,G
465,Semaj Christon,2,55,0.1,2016-17,2016-17,24,64,1,0,15.2,1.2,3.5,1.0,2.5,0.2,1.0,0.3,0.5,0.3,1.1,1.4,2.0,0.4,0.1,0.7,1.2,2.9,0.345,0.406,0.19,0.548,0.387,0.372,G
466,Rakeem Christmas,2,36,0.5,2015-16,2016-17,24-25,30,0,0,7.5,0.7,1.5,0.7,1.5,0.0,0.0,0.7,1.0,0.9,1.0,1.9,0.1,0.1,0.2,0.3,1.3,2.1,0.467,0.467,,0.724,0.545,0.467,F
467,Max Christie,2,35,0.6,2022-23,2022-23,19,41,3,0,12.5,1.1,2.6,0.4,1.1,0.6,1.5,0.3,0.4,0.2,1.7,1.8,0.5,0.2,0.2,0.3,0.8,3.1,0.415,0.409,0.419,0.875,0.566,0.538,G
468,Marquese Chriss,1,8,6.5,2016-17,2021-22,19-24,292,147,0,18.3,2.8,6.2,2.3,4.3,0.6,1.9,1.3,2.0,1.2,3.4,4.7,1.0,0.6,0.8,1.2,2.5,7.6,0.456,0.528,0.29,0.667,0.531,0.5,F
469,Kennedy Chandler,2,38,0.3,2022-23,2022-23,20,36,0,0,7.8,1.0,2.3,0.9,1.9,0.1,0.4,0.2,0.4,0.3,0.8,1.1,1.6,0.3,0.1,0.5,0.4,2.2,0.422,0.485,0.133,0.462,0.44,0.434,G
470,Willie Cauley-Stein,1,6,23.3,2015-16,2021-22,22-28,422,256,0,22.0,3.7,6.8,3.7,6.7,0.0,0.1,1.3,2.2,1.6,4.2,5.9,1.4,0.8,0.8,0.9,2.3,8.7,0.544,0.548,0.188,0.612,0.564,0.545,F-C
471,Michael Carter-Williams,1,11,6.6,2013-14,2022-23,22-31,395,217,0,25.2,3.8,9.4,3.3,7.6,0.5,1.8,2.2,3.1,1.0,3.4,4.3,4.3,1.3,0.5,2.3,2.4,10.2,0.402,0.436,0.256,0.705,0.473,0.426,G
472,Wendell Carter Jr.,1,7,18.1,2018-19,2022-23,19-23,260,246,0,28.0,4.9,9.5,4.2,7.4,0.7,2.1,2.4,3.3,2.4,6.5,8.8,2.1,0.6,0.8,1.7,3.0,12.9,0.516,0.572,0.321,0.733,0.589,0.552,C
473,Jevon Carter,2,32,8.0,2018-19,2022-23,23-27,304,48,0,16.3,1.9,4.8,0.8,1.9,1.2,3.0,0.3,0.4,0.4,1.6,1.9,1.7,0.6,0.3,0.6,1.4,5.4,0.4,0.405,0.397,0.811,0.537,0.523,G
474,Vernon Carey Jr.,2,32,0.2,2020-21,2022-23,19-21,37,5,0,5.1,0.7,1.5,0.7,1.4,0.0,0.2,0.5,0.7,0.5,0.9,1.4,0.1,0.1,0.2,0.3,0.6,1.9,0.474,0.52,0.143,0.654,0.526,0.482,C
475,Derrick Caracter,2,58,0.3,2010-11,2010-11,22,41,0,0,5.2,0.8,1.6,0.8,1.6,0.0,0.0,0.4,0.6,0.5,0.6,1.0,0.2,0.1,0.2,0.5,1.1,2.0,0.485,0.485,,0.739,0.532,0.485,F
476,Isaiah Canaan,2,34,4.3,2013-14,2018-19,22-27,235,77,0,20.4,2.6,7.1,1.1,2.6,1.6,4.4,1.3,1.6,0.3,1.6,1.9,1.9,0.6,0.1,1.1,1.5,8.1,0.371,0.404,0.351,0.836,0.524,0.481,G
477,Kentavious Caldwell-Pope,1,8,39.1,2013-14,2022-23,20-29,759,617,0,29.5,4.1,9.7,2.4,5.0,1.7,4.7,1.6,1.9,0.6,2.5,3.1,1.8,1.1,0.2,1.0,1.8,11.5,0.424,0.479,0.365,0.814,0.546,0.512,G
478,Jimmy Butler,1,30,105.9,2011-12,2022-23,22-33,754,649,6,33.2,5.9,12.6,5.1,10.2,0.8,2.4,5.6,6.6,1.6,3.7,5.3,4.2,1.6,0.5,1.6,1.4,18.2,0.467,0.502,0.323,0.842,0.584,0.499,F-G
479,Jared Butler,2,40,0.5,2021-22,2022-23,21-22,48,2,0,9.1,1.6,3.8,0.9,1.7,0.7,2.1,0.2,0.3,0.1,0.9,1.0,1.5,0.5,0.2,0.8,1.1,4.1,0.415,0.506,0.343,0.688,0.521,0.511,G
480,Alec Burks,1,12,28.6,2011-12,2022-23,20-31,676,143,0,22.9,3.6,8.6,2.5,5.6,1.1,2.9,2.5,3.1,0.6,2.9,3.5,2.0,0.7,0.2,1.2,1.9,10.8,0.419,0.437,0.384,0.801,0.543,0.485,G
481,Trey Burke,1,9,12.9,2013-14,2021-22,21-29,498,130,0,20.9,3.7,9.0,2.6,5.7,1.1,3.3,1.1,1.3,0.3,1.4,1.8,3.1,0.6,0.1,1.1,1.3,9.6,0.41,0.448,0.345,0.81,0.5,0.473,G
482,Reggie Bullock,1,25,20.8,2013-14,2022-23,22-31,512,294,0,23.7,2.7,6.5,1.1,2.1,1.7,4.3,0.5,0.7,0.4,2.3,2.7,1.2,0.6,0.1,0.6,1.5,7.7,0.425,0.506,0.384,0.827,0.57,0.553,G-F
483,Thomas Bryant,2,42,15.7,2017-18,2022-23,20-25,229,134,0,19.7,4.0,6.8,3.5,5.4,0.5,1.4,1.5,2.0,1.5,4.2,5.7,1.1,0.3,0.8,0.8,1.8,10.1,0.598,0.659,0.366,0.757,0.661,0.636,C
484,Jalen Brunson,2,33,26.0,2018-19,2022-23,22-26,345,195,0,26.7,5.4,11.0,4.2,7.8,1.2,3.1,2.2,2.8,0.5,2.7,3.1,4.2,0.6,0.1,1.4,1.8,14.3,0.493,0.536,0.386,0.812,0.585,0.548,G
485,Sterling Brown,2,46,6.6,2017-18,2022-23,22-27,268,29,0,16.6,2.0,4.7,1.1,2.2,0.9,2.5,0.5,0.6,0.6,2.8,3.3,1.0,0.5,0.2,0.7,1.4,5.3,0.419,0.485,0.363,0.796,0.536,0.517,G
486,Markel Brown,2,44,1.1,2014-15,2017-18,23-26,113,35,0,15.9,1.8,4.8,1.3,3.1,0.5,1.7,1.0,1.3,0.4,1.7,2.1,1.2,0.6,0.2,0.7,1.4,5.2,0.38,0.427,0.295,0.781,0.482,0.432,G
487,Lorenzo Brown,2,52,-0.2,2013-14,2018-19,23-28,103,7,0,11.5,1.2,3.3,1.0,2.3,0.2,1.0,0.3,0.4,0.3,1.2,1.5,1.8,0.6,0.1,0.7,1.0,2.8,0.364,0.453,0.17,0.707,0.411,0.391,G
488,Kendall Brown,2,48,0.1,2022-23,2022-23,19,6,0,0,6.7,0.7,1.2,0.7,1.0,0.0,0.2,0.2,0.3,0.3,0.7,1.0,0.5,0.7,0.0,0.3,1.5,1.5,0.571,0.667,0.0,0.5,0.571,0.571,G-F
489,Jaylen Brown,1,3,29.4,2016-17,2022-23,20-26,470,363,2,29.7,6.7,14.1,4.8,8.9,1.9,5.1,2.6,3.6,0.9,4.3,5.2,2.2,1.0,0.4,2.0,2.5,17.9,0.477,0.541,0.365,0.723,0.572,0.543,F-G
490,Bruce Brown,2,42,17.0,2018-19,2022-23,22-26,349,212,0,24.6,3.4,7.0,2.8,5.3,0.6,1.7,1.2,1.7,1.1,3.1,4.2,2.4,0.9,0.6,1.1,2.4,8.5,0.482,0.528,0.341,0.749,0.555,0.524,G-F
491,Anthony Brown,2,34,-0.2,2015-16,2017-18,23-25,41,11,0,18.6,1.4,4.3,0.7,1.9,0.7,2.4,0.4,0.5,0.4,2.1,2.5,0.7,0.5,0.1,0.5,1.2,3.9,0.328,0.38,0.286,0.85,0.433,0.407,F-G
492,Dillon Brooks,2,45,6.9,2017-18,2022-23,22-27,345,318,0,28.7,5.4,13.1,3.8,8.2,1.7,4.9,2.0,2.5,0.7,2.4,3.1,2.1,0.9,0.3,1.6,3.3,14.5,0.416,0.459,0.342,0.795,0.512,0.479,F-G
493,Malcolm Brogdon,2,36,30.0,2016-17,2022-23,24-30,400,258,0,29.5,5.7,12.2,4.1,8.0,1.6,4.2,2.4,2.7,0.8,3.4,4.2,4.6,0.8,0.2,1.7,1.9,15.4,0.467,0.508,0.388,0.879,0.575,0.533,G
494,Miles Bridges,1,12,16.0,2018-19,2021-22,20-23,291,188,0,29.1,5.0,10.7,3.5,6.3,1.5,4.3,1.8,2.2,1.1,4.5,5.6,2.3,0.7,0.7,1.4,2.0,13.4,0.473,0.559,0.346,0.809,0.575,0.543,G-F
495,Mikal Bridges,1,10,32.1,2018-19,2022-23,22-26,392,325,0,32.2,4.9,9.8,3.3,5.8,1.5,4.0,1.9,2.2,0.9,3.1,4.0,2.3,1.3,0.6,1.0,2.0,13.1,0.495,0.578,0.376,0.857,0.609,0.573,F-G
496,Ignas Brazdeikis,2,47,0.4,2019-20,2021-22,21-23,64,1,0,13.1,1.9,4.6,1.3,2.6,0.6,1.9,0.5,0.8,0.6,1.3,1.9,0.9,0.2,0.1,0.5,1.1,5.0,0.416,0.491,0.315,0.686,0.504,0.483,F
497,Christian Braun,1,21,1.9,2022-23,2022-23,21,76,6,0,15.5,1.9,3.8,1.4,2.5,0.4,1.3,0.5,0.8,0.6,1.8,2.4,0.8,0.5,0.2,0.5,1.3,4.7,0.495,0.565,0.354,0.625,0.568,0.554,G
498,Jarrell Brantley,2,50,0.6,2019-20,2022-23,23-26,41,0,0,6.7,1.0,2.3,0.6,1.1,0.5,1.2,0.1,0.1,0.3,1.0,1.3,0.7,0.2,0.2,0.4,0.7,2.7,0.457,0.545,0.38,0.833,0.569,0.559,F
499,Malaki Branham,1,20,-0.1,2022-23,2022-23,19,66,32,0,23.5,4.1,9.3,2.9,5.4,1.2,3.9,0.9,1.1,0.4,2.3,2.7,1.9,0.5,0.1,1.2,1.7,10.2,0.44,0.539,0.302,0.829,0.524,0.503,G
500,Tony Bradley,1,28,7.5,2017-18,2022-23,20-25,179,18,0,11.1,1.9,3.1,1.9,3.0,0.0,0.1,0.5,0.8,1.5,2.5,4.1,0.5,0.2,0.6,0.6,1.4,4.4,0.631,0.634,0.5,0.681,0.651,0.637,F-C
501,Avery Bradley,1,19,17.2,2010-11,2021-22,20-31,660,544,0,27.5,4.4,10.2,3.1,6.6,1.3,3.6,0.9,1.1,0.6,2.2,2.8,1.7,1.0,0.2,1.3,2.2,11.0,0.434,0.471,0.365,0.783,0.516,0.498,G
502,Craig Brackins,1,21,-0.2,2010-11,2011-12,23-24,17,1,0,7.1,0.8,2.9,0.6,2.1,0.2,0.8,0.1,0.1,0.4,0.7,1.1,0.5,0.1,0.1,0.2,0.5,1.8,0.265,0.286,0.214,0.5,0.301,0.296,F
503,James Bouknight,1,11,-0.4,2021-22,2022-23,21-22,65,0,0,12.6,1.8,5.1,1.0,2.7,0.8,2.4,0.7,0.9,0.5,1.4,1.9,1.0,0.3,0.1,0.7,1.2,5.1,0.353,0.386,0.316,0.77,0.461,0.428,G
504,Brandon Boston Jr.,2,51,0.6,2021-22,2022-23,20-21,73,1,0,13.8,2.4,6.1,1.8,4.2,0.6,1.9,1.2,1.5,0.3,1.6,1.9,1.0,0.5,0.2,0.6,0.9,6.7,0.394,0.423,0.329,0.8,0.491,0.445,G-F
505,Trevor Booker,1,23,26.2,2010-11,2017-18,23-30,532,162,0,20.4,2.9,5.6,2.8,5.2,0.1,0.5,1.0,1.5,1.9,3.6,5.5,1.1,0.7,0.5,1.0,2.0,6.9,0.515,0.534,0.305,0.636,0.548,0.528,F
506,Devin Booker,1,13,35.9,2015-16,2022-23,19-26,530,505,3,33.8,8.4,18.2,6.3,12.5,2.1,5.8,5.1,5.9,0.6,3.4,4.0,4.8,0.8,0.3,3.1,3.0,23.9,0.461,0.509,0.356,0.868,0.575,0.517,G
507,Jordan Bone,2,57,0.1,2019-20,2020-21,22-23,24,0,0,10.4,1.2,3.1,0.7,1.3,0.5,1.8,0.0,0.0,0.2,1.0,1.2,1.1,0.1,0.0,0.2,0.7,2.8,0.378,0.5,0.286,,0.459,0.459,G
508,Joel Bolomboy,2,52,0.3,2016-17,2017-18,23-24,18,0,0,5.1,0.7,1.2,0.6,0.9,0.1,0.3,0.3,0.7,0.6,0.9,1.5,0.1,0.2,0.1,0.2,0.2,1.7,0.545,0.647,0.2,0.5,0.568,0.568,F
509,Jonah Bolden,2,36,1.4,2018-19,2019-20,23-24,51,10,0,13.5,1.6,3.4,1.0,1.4,0.7,2.0,0.3,0.6,1.0,2.4,3.4,0.8,0.4,0.8,0.7,2.1,4.3,0.486,0.685,0.34,0.484,0.581,0.584,F
510,Bol Bol,2,44,2.5,2019-20,2022-23,20-23,123,35,0,14.9,2.6,4.8,2.2,3.6,0.4,1.2,0.8,1.1,0.6,3.2,3.8,0.7,0.3,0.8,1.1,1.0,6.3,0.533,0.615,0.293,0.739,0.595,0.57,F-C
511,Jaron Blossomgame,2,59,0.3,2018-19,2018-19,25,27,4,0,16.3,1.7,3.9,1.4,2.5,0.4,1.4,0.4,0.5,1.0,2.7,3.6,0.5,0.3,0.3,0.4,0.7,4.2,0.443,0.552,0.256,0.769,0.51,0.491,F
512,Eric Bledsoe,1,18,46.1,2010-11,2021-22,21-32,756,568,0,27.8,4.9,10.8,3.8,7.4,1.1,3.4,2.8,3.6,0.8,3.1,3.9,4.7,1.4,0.5,2.5,2.0,13.7,0.452,0.504,0.336,0.784,0.553,0.504,G
513,Jabari Bird,2,56,0.2,2017-18,2017-18,23,13,1,0,8.8,1.2,2.0,0.9,1.5,0.2,0.5,0.5,1.0,0.5,1.0,1.5,0.6,0.2,0.1,0.6,0.5,3.0,0.577,0.632,0.429,0.462,0.615,0.635,G
514,Tyler Bey,2,36,0.0,2020-21,2020-21,22,18,0,0,3.9,0.4,1.2,0.3,1.0,0.1,0.2,0.2,0.3,0.4,0.6,1.1,0.2,0.0,0.1,0.2,0.3,1.0,0.318,0.333,0.25,0.6,0.372,0.341,F
515,Saddiq Bey,1,19,11.1,2020-21,2022-23,21-23,229,172,0,29.4,4.7,11.6,2.4,5.1,2.3,6.5,2.4,2.8,1.1,3.8,4.9,1.9,0.9,0.2,1.0,1.6,14.1,0.406,0.464,0.361,0.844,0.55,0.507,F
516,Ben Bentil,2,51,-0.1,2016-17,2016-17,21,3,0,0,3.3,0.0,1.0,0.0,0.7,0.0,0.3,0.0,0.0,0.0,0.7,0.7,0.0,0.0,0.0,0.3,0.3,0.0,0.0,0.0,0.0,,0.0,0.0,F
517,Keith Benson,2,48,0.0,2011-12,2011-12,23,3,0,0,3.0,0.0,0.3,0.0,0.3,0.0,0.0,0.0,0.0,0.7,0.3,1.0,0.0,0.0,0.0,0.0,0.0,0.0,0.0,0.0,,,0.0,0.0,C
518,Anthony Bennett,1,1,0.5,2013-14,2016-17,20-23,151,4,0,12.6,1.7,4.2,1.4,3.3,0.2,0.9,0.8,1.2,0.9,2.3,3.1,0.5,0.4,0.2,0.7,1.4,4.4,0.392,0.427,0.261,0.67,0.457,0.42,F
519,Jordan Bell,2,38,4.9,2017-18,2021-22,23-27,161,17,0,12.0,1.6,2.9,1.6,2.8,0.0,0.1,0.5,0.7,1.0,2.1,3.1,1.2,0.4,0.8,0.7,1.2,3.7,0.552,0.567,0.2,0.636,0.572,0.556,F
520,Malik Beasley,1,19,11.8,2016-17,2022-23,20-26,417,114,0,21.9,4.0,9.4,1.8,3.6,2.2,5.8,0.7,0.9,0.4,2.3,2.7,1.3,0.6,0.1,0.8,1.2,10.8,0.422,0.491,0.378,0.808,0.554,0.538,G
521,Bradley Beal,1,3,52.2,2012-13,2022-23,19-29,695,661,3,34.7,8.1,17.6,5.9,11.7,2.2,5.9,3.8,4.6,0.9,3.2,4.1,4.3,1.1,0.4,2.5,2.2,22.1,0.46,0.503,0.372,0.823,0.564,0.522,G
522,Keita Bates-Diop,2,48,6.2,2018-19,2022-23,23-27,230,59,0,17.0,2.4,5.1,1.9,3.5,0.5,1.6,1.1,1.5,0.8,2.4,3.2,0.9,0.5,0.3,0.6,0.9,6.5,0.48,0.545,0.339,0.749,0.569,0.533,F
523,Charles Bassey,2,53,2.1,2021-22,2022-23,21-22,58,2,0,11.7,2.0,3.1,2.0,2.9,0.1,0.2,0.5,0.8,1.7,2.7,4.4,0.9,0.4,0.9,0.8,1.8,4.6,0.643,0.671,0.25,0.633,0.658,0.651,C
524,Will Barton,2,40,26.5,2012-13,2022-23,22-32,679,286,0,25.2,4.2,9.7,2.8,6.0,1.3,3.7,1.6,2.0,0.7,3.4,4.1,2.7,0.7,0.4,1.4,1.5,11.2,0.43,0.477,0.355,0.787,0.532,0.498,G
525,Scottie Barnes,1,4,11.6,2021-22,2022-23,20-21,151,150,0,35.1,6.1,12.9,5.3,10.1,0.8,2.8,2.3,3.1,2.5,4.6,7.1,4.2,1.1,0.8,1.9,2.4,15.3,0.473,0.523,0.29,0.755,0.538,0.504,G-F
526,Harrison Barnes,1,7,51.4,2012-13,2022-23,20-30,829,768,0,31.9,5.0,11.1,3.7,7.4,1.4,3.6,2.8,3.4,1.0,4.0,5.0,1.8,0.7,0.2,1.2,1.6,14.2,0.455,0.492,0.378,0.811,0.566,0.517,F
527,Dalano Banton,2,46,0.8,2021-22,2022-23,22-23,95,3,0,10.3,1.5,3.5,1.2,2.4,0.3,1.1,0.5,0.7,0.5,1.3,1.8,1.4,0.4,0.2,0.7,1.1,3.7,0.416,0.478,0.275,0.632,0.479,0.458,G-F
528,Desmond Bane,1,30,16.0,2020-21,2022-23,22-24,202,151,0,27.9,5.9,12.6,3.4,6.6,2.5,5.9,1.8,2.0,0.6,3.5,4.1,2.9,0.9,0.3,1.5,2.3,16.1,0.469,0.509,0.425,0.883,0.599,0.57,G
529,Paolo Banchero,1,1,2.4,2022-23,2022-23,20,72,72,0,33.8,6.7,15.6,5.5,11.6,1.2,4.0,5.5,7.4,1.2,5.7,6.9,3.7,0.8,0.5,2.8,2.2,20.0,0.427,0.471,0.298,0.738,0.529,0.465,F
530,Lonzo Ball,1,2,11.4,2017-18,2021-22,20-24,252,239,0,32.5,4.4,11.1,2.1,4.6,2.4,6.5,0.7,1.1,1.0,4.7,5.7,6.2,1.6,0.6,2.5,2.2,11.9,0.4,0.451,0.364,0.578,0.513,0.507,G
531,Patrick Baldwin Jr.,1,28,0.1,2022-23,2022-23,20,31,0,0,7.3,1.4,3.5,0.4,0.8,1.0,2.7,0.1,0.2,0.0,1.3,1.3,0.4,0.2,0.1,0.4,0.5,3.9,0.394,0.44,0.381,0.667,0.546,0.541,G-F
532,Cameron Bairstow,2,49,-0.1,2014-15,2015-16,24-25,36,3,0,4.6,0.4,1.5,0.4,1.4,0.0,0.1,0.3,0.4,0.3,0.7,1.0,0.2,0.1,0.1,0.2,0.8,1.2,0.296,0.306,0.2,0.846,0.368,0.306,F-C
533,Marvin Bagley III,1,2,9.3,2018-19,2022-23,19-23,208,102,0,24.8,5.3,10.5,4.8,8.7,0.5,1.9,2.1,3.1,2.4,4.8,7.2,0.9,0.5,0.7,1.3,2.1,13.3,0.506,0.552,0.29,0.678,0.559,0.531,F-C
534,Dwayne Bacon,2,40,0.8,2017-18,2020-21,22-25,207,80,0,19.4,2.8,6.9,2.1,4.9,0.6,2.0,1.1,1.4,0.3,2.3,2.6,1.1,0.5,0.1,0.6,1.3,7.3,0.402,0.437,0.314,0.78,0.485,0.447,G
535,Luke Babbitt,1,16,7.2,2010-11,2017-18,21-28,381,107,0,14.0,1.7,4.2,0.7,1.6,1.0,2.6,0.3,0.4,0.3,1.9,2.2,0.6,0.2,0.2,0.4,1.4,4.8,0.408,0.417,0.402,0.747,0.546,0.532,F
536,Udoka Azubuike,1,27,1.8,2020-21,2022-23,21-23,68,10,0,9.0,1.5,1.9,1.5,1.9,0.0,0.0,0.3,0.6,0.8,2.2,3.0,0.2,0.1,0.4,0.5,1.0,3.3,0.769,0.769,,0.512,0.746,0.769,C
537,Deandre Ayton,1,1,30.9,2018-19,2022-23,20-24,303,296,0,30.6,7.3,12.2,7.2,12.0,0.1,0.3,2.0,2.6,3.0,7.4,10.4,1.6,0.7,1.0,1.7,2.8,16.7,0.597,0.604,0.263,0.755,0.622,0.599,C
538,OG Anunoby,1,23,22.2,2017-18,2022-23,20-25,368,294,0,28.4,4.4,9.3,2.8,5.0,1.6,4.3,1.2,1.7,1.1,3.2,4.3,1.5,1.2,0.5,1.3,2.4,11.6,0.471,0.553,0.375,0.744,0.579,0.558,F
539,Cole Anthony,1,15,5.3,2020-21,2022-23,20-22,172,103,0,28.4,5.0,12.1,3.4,7.6,1.5,4.5,2.8,3.2,0.7,4.3,5.0,4.6,0.7,0.4,2.1,2.5,14.2,0.411,0.451,0.345,0.861,0.528,0.475,G
540,Kostas Antetokounmpo,2,60,-0.2,2018-19,2020-21,21-23,22,0,0,4.0,0.3,0.7,0.3,0.7,0.0,0.0,0.4,0.9,0.3,0.8,1.0,0.1,0.2,0.2,0.6,0.5,1.0,0.375,0.375,,0.474,0.431,0.375,F
541,Ike Anigbogu,2,47,0.0,2017-18,2018-19,19-20,14,0,0,2.6,0.3,0.9,0.3,0.9,0.0,0.0,0.4,0.4,0.4,0.4,0.9,0.1,0.1,0.3,0.2,0.1,0.9,0.333,0.333,,0.833,0.444,0.333,F-C
542,Kyle Anderson,1,30,32.1,2014-15,2022-23,21-29,574,294,0,21.8,2.7,5.7,2.3,4.4,0.4,1.3,1.1,1.5,0.8,3.7,4.5,2.6,1.0,0.6,1.0,1.6,7.0,0.481,0.521,0.345,0.715,0.551,0.52,F-G
543,Justin Anderson,1,21,4.9,2015-16,2021-22,22-28,242,30,0,13.6,1.9,4.6,1.2,2.3,0.7,2.3,0.9,1.2,0.6,2.0,2.6,0.8,0.4,0.3,0.6,1.2,5.3,0.41,0.526,0.292,0.775,0.522,0.482,G
544,James Anderson,1,20,3.3,2010-11,2015-16,21-26,247,83,0,17.5,2.1,5.2,1.3,2.7,0.8,2.5,0.7,0.9,0.4,1.8,2.3,1.2,0.5,0.2,0.9,1.2,5.8,0.411,0.495,0.321,0.755,0.516,0.488,G-F
545,Al-Farouq Aminu,1,8,27.6,2010-11,2020-21,20-30,711,445,0,24.9,2.7,6.5,2.0,4.2,0.8,2.3,1.3,1.7,1.4,4.6,6.0,1.2,1.0,0.6,1.2,1.8,7.5,0.42,0.467,0.332,0.746,0.517,0.478,F
546,Lavoy Allen,2,50,13.8,2011-12,2016-17,22-27,388,87,0,17.8,2.1,4.5,2.1,4.5,0.0,0.0,0.5,0.7,1.8,2.9,4.8,1.0,0.3,0.6,0.7,1.8,4.8,0.471,0.474,0.133,0.682,0.491,0.472,F-C
547,Kadeem Allen,2,53,1.0,2017-18,2019-20,25-27,47,2,0,13.6,1.9,4.4,1.4,3.1,0.5,1.3,1.2,1.6,0.3,1.2,1.5,2.3,0.5,0.2,0.9,1.4,5.5,0.435,0.472,0.349,0.757,0.538,0.488,G
548,Jarrett Allen,1,22,44.4,2017-18,2022-23,19-24,409,344,1,27.6,4.7,7.5,4.7,7.3,0.0,0.3,2.5,3.5,2.8,6.0,8.9,1.4,0.6,1.3,1.3,2.1,12.0,0.63,0.645,0.181,0.704,0.661,0.633,C-F
549,Grayson Allen,1,21,13.1,2018-19,2022-23,23-27,264,171,0,23.4,3.2,7.5,1.3,2.7,1.9,4.8,1.3,1.5,0.5,2.3,2.8,1.7,0.6,0.2,0.9,1.5,9.7,0.435,0.509,0.395,0.861,0.596,0.562,G
550,Nickeil Alexander-Walker,1,17,1.7,2019-20,2022-23,21-24,217,38,0,18.2,3.1,7.8,1.8,3.9,1.3,3.9,0.9,1.3,0.3,2.0,2.4,2.1,0.7,0.3,1.2,1.5,8.4,0.397,0.454,0.339,0.713,0.503,0.481,G
551,Cole Aldrich,1,11,9.6,2010-11,2017-18,22-29,339,23,0,10.0,1.3,2.4,1.3,2.4,0.0,0.0,0.5,0.7,1.0,2.4,3.3,0.5,0.4,0.7,0.6,1.5,3.1,0.527,0.527,,0.738,0.563,0.527,C
552,Santi Aldama,1,30,4.9,2021-22,2022-23,21-22,109,20,0,18.7,2.8,6.0,1.8,3.1,0.9,2.9,1.2,1.6,1.1,3.1,4.2,1.1,0.5,0.5,0.7,1.6,7.6,0.457,0.583,0.318,0.727,0.564,0.533,F
553,Solomon Alabi,2,50,0.0,2010-11,2011-12,22-23,26,0,0,7.0,0.6,2.0,0.6,2.0,0.0,0.0,0.3,0.4,0.8,1.5,2.3,0.2,0.2,0.4,0.3,0.6,1.5,0.314,0.314,,0.7,0.352,0.314,C
554,Ochai Agbaji,1,14,1.3,2022-23,2022-23,22,59,22,0,20.5,2.8,6.5,1.4,2.7,1.4,3.9,0.9,1.2,0.7,1.3,2.1,1.1,0.3,0.3,0.7,1.7,7.9,0.427,0.532,0.355,0.812,0.561,0.532,G
555,Bam Adebayo,1,14,42.8,2017-18,2022-23,20-25,418,314,2,29.3,5.6,10.2,5.6,10.0,0.0,0.1,3.4,4.5,2.2,6.3,8.5,3.4,1.0,0.9,2.1,2.5,14.7,0.554,0.56,0.129,0.755,0.604,0.555,C-F
556,Steven Adams,1,12,59.3,2013-14,2022-23,20-29,706,641,0,26.8,3.8,6.5,3.8,6.5,0.0,0.0,1.5,2.9,3.7,4.5,8.2,1.5,0.9,1.0,1.5,2.5,9.2,0.587,0.589,0.067,0.536,0.591,0.587,C
557,Jordan Adams,1,22,0.4,2014-15,2015-16,20-21,32,0,0,8.2,1.2,2.9,0.8,2.1,0.3,0.8,0.5,0.9,0.3,0.7,0.9,0.6,0.6,0.2,0.5,0.8,3.2,0.402,0.409,0.385,0.607,0.484,0.457,G
558,Quincy Acy,2,37,8.7,2012-13,2018-19,22-28,337,60,0,16.0,1.7,3.9,1.2,2.3,0.5,1.6,0.9,1.1,0.9,2.6,3.5,0.6,0.4,0.4,0.6,2.0,4.9,0.444,0.506,0.35,0.759,0.553,0.513,F-C
559,Precious Achiuwa,1,20,6.0,2020-21,2022-23,21-23,189,44,0,19.1,3.1,6.5,2.6,5.1,0.4,1.4,1.2,1.9,1.7,3.7,5.3,0.9,0.5,0.5,1.0,1.8,7.8,0.474,0.515,0.321,0.605,0.529,0.508,F
